weld_id,x,y,z,nx,ny,nz,ox,oy,oz,ow
0,0.0256003,-0.249982,-0.212036,0,1,0,0,0,0.382683,0.92388
0,0.0255893,-0.249982,-0.207036,0,1,0,0,0,0.382683,0.92388
0,0.0255783,-0.249982,-0.202036,0,1,0,0,0,0.382683,0.92388
0,0.0255673,-0.249982,-0.197036,0,1,0,0,0,0.382683,0.92388
0,0.0255563,-0.249982,-0.192036,0,1,0,0,0,0.382683,0.92388
0,0.0255453,-0.249981,-0.187036,0,1,0,0,0,0.382683,0.92388
0,0.0255343,-0.249981,-0.182036,0,1,0,0,0,0.382683,0.92388
0,0.0255234,-0.249981,-0.177036,0,1,0,0,0,0.382683,0.92388
0,0.0255124,-0.249981,-0.172036,0,1,0,0,0,0.382683,0.92388
0,0.0255014,-0.249981,-0.167036,0,1,0,0,0,0.382683,0.92388
0,0.0254904,-0.249981,-0.162036,0,1,0,0,0,0.382683,0.92388
0,0.0254794,-0.249981,-0.157036,0,1,0,0,0,0.382683,0.92388
0,0.0254684,-0.249981,-0.152036,0,1,0,0,0,0.382683,0.92388
0,0.0254574,-0.249981,-0.147036,0,1,0,0,0,0.382683,0.92388
0,0.0254464,-0.249981,-0.142036,0,1,0,0,0,0.382683,0.92388
0,0.0254354,-0.249981,-0.137036,0,1,0,0,0,0.382683,0.92388
0,0.0254244,-0.249981,-0.132036,0,1,0,0,0,0.382683,0.92388
0,0.0254134,-0.249981,-0.127036,0,1,0,0,0,0.382683,0.92388
0,0.0254025,-0.249981,-0.122036,0,1,0,0,0,0.382683,0.92388
0,0.0253915,-0.249981,-0.117036,0,1,0,0,0,0.382683,0.92388
0,0.0253805,-0.249981,-0.112036,0,1,0,0,0,0.382683,0.92388
0,0.0253695,-0.249981,-0.107036,0,1,0,0,0,0.382683,0.92388
0,0.0253585,-0.249981,-0.102036,0,1,0,0,0,0.382683,0.92388
0,0.0253475,-0.249981,-0.0970359,0,1,0,0,0,0.382683,0.92388
0,0.0253365,-0.249981,-0.0920359,0,1,0,0,0,0.382683,0.92388
0,0.0253255,-0.249981,-0.0870359,0,1,0,0,0,0.382683,0.92388
0,0.0253145,-0.249981,-0.0820359,0,1,0,0,0,0.382683,0.92388
0,0.0253035,-0.249981,-0.0770359,0,1,0,0,0,0.382683,0.92388
0,0.0252925,-0.249981,-0.0720359,0,1,0,0,0,0.382683,0.92388
0,0.0252815,-0.249981,-0.067036,0,1,0,0,0,0.382683,0.92388
0,0.0252706,-0.249981,-0.062036,0,1,0,0,0,0.382683,0.92388
0,0.0252596,-0.249981,-0.057036,0,1,0,0,0,0.382683,0.92388
0,0.0252486,-0.249981,-0.052036,0,1,0,0,0,0.382683,0.92388
0,0.0252376,-0.249981,-0.047036,0,1,0,0,0,0.382683,0.92388
0,0.0252266,-0.249981,-0.042036,0,1,0,0,0,0.382683,0.92388
0,0.0252156,-0.249981,-0.037036,0,1,0,0,0,0.382683,0.92388
0,0.0252046,-0.249981,-0.032036,0,1,0,0,0,0.382683,0.92388
0,0.0251936,-0.249981,-0.0270361,0,1,0,0,0,0.382683,0.92388
0,0.0251826,-0.249981,-0.0220361,0,1,0,0,0,0.382683,0.92388
0,0.0251716,-0.249981,-0.0170361,0,1,0,0,0,0.382683,0.92388
0,0.0251606,-0.249981,-0.0120361,0,1,0,0,0,0.382683,0.92388
0,0.0251496,-0.249981,-0.00703611,0,1,0,0,0,0.382683,0.92388
0,0.0251387,-0.249981,-0.00203612,0,1,0,0,0,0.382683,0.92388
0,0.0251277,-0.249981,0.00296387,0,1,0,0,0,0.382683,0.92388
0,0.0251167,-0.249981,0.00796386,0,1,0,0,0,0.382683,0.92388
0,0.0251057,-0.249981,0.0129638,0,1,0,0,0,0.382683,0.92388
0,0.0250947,-0.249981,0.0179638,0,1,0,0,0,0.382683,0.92388
0,0.0250837,-0.249981,0.0229638,0,1,0,0,0,0.382683,0.92388
0,0.0250727,-0.24998,0.0279638,0,1,0,0,0,0.382683,0.92388
0,0.0250617,-0.24998,0.0329638,0,1,0,0,0,0.382683,0.92388
0,0.0250507,-0.24998,0.0379638,0,1,0,0,0,0.382683,0.92388
0,0.0250397,-0.24998,0.0429638,0,1,0,0,0,0.382683,0.92388
0,0.0250287,-0.24998,0.0479638,0,1,0,0,0,0.382683,0.92388
0,0.0250178,-0.24998,0.0529637,0,1,0,0,0,0.382683,0.92388
0,0.0250068,-0.24998,0.0579637,0,1,0,0,0,0.382683,0.92388
0,0.0249958,-0.24998,0.0629637,0,1,0,0,0,0.382683,0.92388
0,0.0249848,-0.24998,0.0679637,0,1,0,0,0,0.382683,0.92388
0,0.0249738,-0.24998,0.0729637,0,1,0,0,0,0.382683,0.92388
0,0.0249628,-0.24998,0.0779637,0,1,0,0,0,0.382683,0.92388
0,0.0249518,-0.24998,0.0829637,0,1,0,0,0,0.382683,0.92388
0,0.0249408,-0.24998,0.0879637,0,1,0,0,0,0.382683,0.92388
0,0.0249298,-0.24998,0.0929637,0,1,0,0,0,0.382683,0.92388
0,0.0249188,-0.24998,0.0979637,0,1,0,0,0,0.382683,0.92388
0,0.0249078,-0.24998,0.102964,0,1,0,0,0,0.382683,0.92388
0,0.0248968,-0.24998,0.107964,0,1,0,0,0,0.382683,0.92388
0,0.0248859,-0.24998,0.112964,0,1,0,0,0,0.382683,0.92388
0,0.0248749,-0.24998,0.117964,0,1,0,0,0,0.382683,0.92388
0,0.0248639,-0.24998,0.122964,0,1,0,0,0,0.382683,0.92388
0,0.0248529,-0.24998,0.127964,0,1,0,0,0,0.382683,0.92388
0,0.0248419,-0.24998,0.132964,0,1,0,0,0,0.382683,0.92388
0,0.0248309,-0.24998,0.137964,0,1,0,0,0,0.382683,0.92388
0,0.0248199,-0.24998,0.142964,0,1,0,0,0,0.382683,0.92388
0,0.0248089,-0.24998,0.147964,0,1,0,0,0,0.382683,0.92388
0,0.0247979,-0.24998,0.152964,0,1,0,0,0,0.382683,0.92388
0,0.0247869,-0.24998,0.157963,0,1,0,0,0,0.382683,0.92388
0,0.0247759,-0.24998,0.162963,0,1,0,0,0,0.382683,0.92388
0,0.0247649,-0.24998,0.167963,0,1,0,0,0,0.382683,0.92388
0,0.024754,-0.24998,0.172963,0,1,0,0,0,0.382683,0.92388
0,0.024743,-0.24998,0.177963,0,1,0,0,0,0.382683,0.92388
0,0.024732,-0.24998,0.182963,0,1,0,0,0,0.382683,0.92388
0,0.024721,-0.24998,0.187963,0,1,0,0,0,0.382683,0.92388
0,0.02471,-0.24998,0.192963,0,1,0,0,0,0.382683,0.92388
0,0.024699,-0.24998,0.197963,0,1,0,0,0,0.382683,0.92388
0,0.024688,-0.24998,0.202963,0,1,0,0,0,0.382683,0.92388
0,0.024677,-0.24998,0.207963,0,1,0,0,0,0.382683,0.92388
0,0.024666,-0.24998,0.212963,0,1,0,0,0,0.382683,0.92388
0,0.024655,-0.24998,0.217963,0,1,0,0,0,0.382683,0.92388
0,0.024644,-0.24998,0.222963,0,1,0,0,0,0.382683,0.92388
0,0.0246331,-0.24998,0.227963,0,1,0,0,0,0.382683,0.92388
0,0.0246221,-0.24998,0.232963,0,1,0,0,0,0.382683,0.92388
0,0.0246111,-0.24998,0.237963,0,1,0,0,0,0.382683,0.92388
0,0.0246001,-0.249979,0.242963,0,1,0,0,0,0.382683,0.92388
0,0.0245891,-0.249979,0.247963,0,1,0,0,0,0.382683,0.92388
0,0.0245781,-0.249979,0.252963,0,1,0,0,0,0.382683,0.92388
0,0.0245671,-0.249979,0.257963,0,1,0,0,0,0.382683,0.92388
0,0.0245561,-0.249979,0.262963,0,1,0,0,0,0.382683,0.92388
0,0.0245451,-0.249979,0.267963,0,1,0,0,0,0.382683,0.92388
0,0.0245341,-0.249979,0.272963,0,1,0,0,0,0.382683,0.92388
0,0.0245231,-0.249979,0.277963,0,1,0,0,0,0.382683,0.92388
0,0.0245121,-0.249979,0.282963,0,1,0,0,0,0.382683,0.92388
0,0.0245012,-0.249979,0.287963,0,1,0,0,0,0.382683,0.92388
0,0.0244902,-0.249979,0.292963,0,1,0,0,0,0.382683,0.92388
0,0.0244792,-0.249979,0.297963,0,1,0,0,0,0.382683,0.92388
0,0.0244682,-0.249979,0.302963,0,1,0,0,0,0.382683,0.92388
0,0.0244572,-0.249979,0.307963,0,1,0,0,0,0.382683,0.92388
0,0.0244462,-0.249979,0.312963,0,1,0,0,0,0.382683,0.92388
1,-0.250035,-0.249921,-0.210045,0,1,0,0,0,0.382683,0.92388
1,-0.250035,-0.249921,-0.205045,0,1,0,0,0,0.382683,0.92388
1,-0.250036,-0.249921,-0.200045,0,1,0,0,0,0.382683,0.92388
1,-0.250037,-0.249921,-0.195046,0,1,0,0,0,0.382683,0.92388
1,-0.250038,-0.24992,-0.190046,0,1,0,0,0,0.382683,0.92388
1,-0.250038,-0.24992,-0.185046,0,1,0,0,0,0.382683,0.92388
1,-0.250039,-0.24992,-0.180046,0,1,0,0,0,0.382683,0.92388
1,-0.25004,-0.24992,-0.175046,0,1,0,0,0,0.382683,0.92388
1,-0.250041,-0.24992,-0.170046,0,1,0,0,0,0.382683,0.92388
1,-0.250042,-0.24992,-0.165046,0,1,0,0,0,0.382683,0.92388
1,-0.250042,-0.24992,-0.160046,0,1,0,0,0,0.382683,0.92388
1,-0.250043,-0.24992,-0.155046,0,1,0,0,0,0.382683,0.92388
1,-0.250044,-0.24992,-0.150046,0,1,0,0,0,0.382683,0.92388
1,-0.250045,-0.24992,-0.145046,0,1,0,0,0,0.382683,0.92388
1,-0.250045,-0.24992,-0.140046,0,1,0,0,0,0.382683,0.92388
1,-0.250046,-0.24992,-0.135046,0,1,0,0,0,0.382683,0.92388
1,-0.250047,-0.24992,-0.130046,0,1,0,0,0,0.382683,0.92388
1,-0.250048,-0.24992,-0.125046,0,1,0,0,0,0.382683,0.92388
1,-0.250049,-0.24992,-0.120046,0,1,0,0,0,0.382683,0.92388
1,-0.250049,-0.24992,-0.115046,0,1,0,0,0,0.382683,0.92388
1,-0.25005,-0.24992,-0.110046,0,1,0,0,0,0.382683,0.92388
1,-0.250051,-0.24992,-0.105046,0,1,0,0,0,0.382683,0.92388
1,-0.250052,-0.24992,-0.100046,0,1,0,0,0,0.382683,0.92388
1,-0.250052,-0.24992,-0.0950456,0,1,0,0,0,0.382683,0.92388
1,-0.250053,-0.24992,-0.0900455,0,1,0,0,0,0.382683,0.92388
1,-0.250054,-0.24992,-0.0850455,0,1,0,0,0,0.382683,0.92388
1,-0.250055,-0.24992,-0.0800455,0,1,0,0,0,0.382683,0.92388
1,-0.250056,-0.24992,-0.0750455,0,1,0,0,0,0.382683,0.92388
1,-0.250056,-0.24992,-0.0700455,0,1,0,0,0,0.382683,0.92388
1,-0.250057,-0.24992,-0.0650455,0,1,0,0,0,0.382683,0.92388
1,-0.250058,-0.24992,-0.0600455,0,1,0,0,0,0.382683,0.92388
1,-0.250059,-0.24992,-0.0550455,0,1,0,0,0,0.382683,0.92388
1,-0.250059,-0.24992,-0.0500455,0,1,0,0,0,0.382683,0.92388
1,-0.25006,-0.24992,-0.0450455,0,1,0,0,0,0.382683,0.92388
1,-0.250061,-0.24992,-0.0400455,0,1,0,0,0,0.382683,0.92388
1,-0.250062,-0.24992,-0.0350455,0,1,0,0,0,0.382683,0.92388
1,-0.250063,-0.24992,-0.0300455,0,1,0,0,0,0.382683,0.92388
1,-0.250063,-0.24992,-0.0250455,0,1,0,0,0,0.382683,0.92388
1,-0.250064,-0.24992,-0.0200455,0,1,0,0,0,0.382683,0.92388
1,-0.250065,-0.24992,-0.0150455,0,1,0,0,0,0.382683,0.92388
1,-0.250066,-0.24992,-0.0100455,0,1,0,0,0,0.382683,0.92388
1,-0.250066,-0.24992,-0.00504555,0,1,0,0,0,0.382683,0.92388
1,-0.250067,-0.24992,-4.55454e-05,0,1,0,0,0,0.382683,0.92388
1,-0.250068,-0.24992,0.00495445,0,1,0,0,0,0.382683,0.92388
1,-0.250069,-0.24992,0.00995445,0,1,0,0,0,0.382683,0.92388
1,-0.250069,-0.24992,0.0149545,0,1,0,0,0,0.382683,0.92388
1,-0.25007,-0.24992,0.0199545,0,1,0,0,0,0.382683,0.92388
1,-0.250071,-0.24992,0.0249545,0,1,0,0,0,0.382683,0.92388
1,-0.250072,-0.24992,0.0299545,0,1,0,0,0,0.382683,0.92388
1,-0.250073,-0.24992,0.0349545,0,1,0,0,0,0.382683,0.92388
1,-0.250073,-0.24992,0.0399544,0,1,0,0,0,0.382683,0.92388
1,-0.250074,-0.249919,0.0449544,0,1,0,0,0,0.382683,0.92388
1,-0.250075,-0.249919,0.0499544,0,1,0,0,0,0.382683,0.92388
1,-0.250076,-0.249919,0.0549544,0,1,0,0,0,0.382683,0.92388
1,-0.250076,-0.249919,0.0599544,0,1,0,0,0,0.382683,0.92388
1,-0.250077,-0.249919,0.0649544,0,1,0,0,0,0.382683,0.92388
1,-0.250078,-0.249919,0.0699544,0,1,0,0,0,0.382683,0.92388
1,-0.250079,-0.249919,0.0749545,0,1,0,0,0,0.382683,0.92388
1,-0.25008,-0.249919,0.0799545,0,1,0,0,0,0.382683,0.92388
1,-0.25008,-0.249919,0.0849545,0,1,0,0,0,0.382683,0.92388
1,-0.250081,-0.249919,0.0899545,0,1,0,0,0,0.382683,0.92388
1,-0.250082,-0.249919,0.0949545,0,1,0,0,0,0.382683,0.92388
1,-0.250083,-0.249919,0.0999545,0,1,0,0,0,0.382683,0.92388
1,-0.250083,-0.249919,0.104954,0,1,0,0,0,0.382683,0.92388
1,-0.250084,-0.249919,0.109954,0,1,0,0,0,0.382683,0.92388
1,-0.250085,-0.249919,0.114954,0,1,0,0,0,0.382683,0.92388
1,-0.250086,-0.249919,0.119954,0,1,0,0,0,0.382683,0.92388
1,-0.250087,-0.249919,0.124954,0,1,0,0,0,0.382683,0.92388
1,-0.250087,-0.249919,0.129954,0,1,0,0,0,0.382683,0.92388
1,-0.250088,-0.249919,0.134954,0,1,0,0,0,0.382683,0.92388
1,-0.250089,-0.249919,0.139954,0,1,0,0,0,0.382683,0.92388
1,-0.25009,-0.249919,0.144954,0,1,0,0,0,0.382683,0.92388
1,-0.25009,-0.249919,0.149954,0,1,0,0,0,0.382683,0.92388
1,-0.250091,-0.249919,0.154954,0,1,0,0,0,0.382683,0.92388
1,-0.250092,-0.249919,0.159954,0,1,0,0,0,0.382683,0.92388
1,-0.250093,-0.249919,0.164954,0,1,0,0,0,0.382683,0.92388
1,-0.250094,-0.249919,0.169954,0,1,0,0,0,0.382683,0.92388
1,-0.250094,-0.249919,0.174954,0,1,0,0,0,0.382683,0.92388
1,-0.250095,-0.249919,0.179954,0,1,0,0,0,0.382683,0.92388
1,-0.250096,-0.249919,0.184954,0,1,0,0,0,0.382683,0.92388
1,-0.250097,-0.249919,0.189954,0,1,0,0,0,0.382683,0.92388
1,-0.250097,-0.249919,0.194954,0,1,0,0,0,0.382683,0.92388
1,-0.250098,-0.249919,0.199954,0,1,0,0,0,0.382683,0.92388
1,-0.250099,-0.249919,0.204954,0,1,0,0,0,0.382683,0.92388
1,-0.2501,-0.249919,0.209954,0,1,0,0,0,0.382683,0.92388
1,-0.250101,-0.249919,0.214954,0,1,0,0,0,0.382683,0.92388
1,-0.250101,-0.249919,0.219954,0,1,0,0,0,0.382683,0.92388
1,-0.250102,-0.249919,0.224954,0,1,0,0,0,0.382683,0.92388
1,-0.250103,-0.249919,0.229954,0,1,0,0,0,0.382683,0.92388
1,-0.250104,-0.249919,0.234954,0,1,0,0,0,0.382683,0.92388
1,-0.250104,-0.249919,0.239954,0,1,0,0,0,0.382683,0.92388
1,-0.250105,-0.249919,0.244954,0,1,0,0,0,0.382683,0.92388
1,-0.250106,-0.249919,0.249954,0,1,0,0,0,0.382683,0.92388
1,-0.250107,-0.249919,0.254954,0,1,0,0,0,0.382683,0.92388
1,-0.250108,-0.249919,0.259954,0,1,0,0,0,0.382683,0.92388
1,-0.250108,-0.249919,0.264954,0,1,0,0,0,0.382683,0.92388
1,-0.250109,-0.249919,0.269954,0,1,0,0,0,0.382683,0.92388
1,-0.25011,-0.249919,0.274954,0,1,0,0,0,0.382683,0.92388
1,-0.250111,-0.249919,0.279954,0,1,0,0,0,0.382683,0.92388
1,-0.250111,-0.249918,0.284954,0,1,0,0,0,0.382683,0.92388
1,-0.250112,-0.249918,0.289954,0,1,0,0,0,0.382683,0.92388
1,-0.250113,-0.249918,0.294954,0,1,0,0,0,0.382683,0.92388
1,-0.250114,-0.249918,0.299954,0,1,0,0,0,0.382683,0.92388
1,-0.250115,-0.249918,0.304954,0,1,0,0,0,0.382683,0.92388
1,-0.250115,-0.249918,0.309954,0,1,0,0,0,0.382683,0.92388
2,0.0255951,0.0252691,-0.217035,0,1,0,0,0,0.382683,0.92388
2,0.0255841,0.0252632,-0.212035,0,1,0,0,0,0.382683,0.92388
2,0.0255731,0.0252572,-0.207035,0,1,0,0,0,0.382683,0.92388
2,0.0255621,0.0252512,-0.202035,0,1,0,0,0,0.382683,0.92388
2,0.0255511,0.0252453,-0.197035,0,1,0,0,0,0.382683,0.92388
2,0.0255401,0.0252393,-0.192035,0,1,0,0,0,0.382683,0.92388
2,0.0255291,0.0252333,-0.187036,0,1,0,0,0,0.382683,0.92388
2,0.0255181,0.0252274,-0.182036,0,1,0,0,0,0.382683,0.92388
2,0.0255071,0.0252214,-0.177036,0,1,0,0,0,0.382683,0.92388
2,0.0254961,0.0252154,-0.172036,0,1,0,0,0,0.382683,0.92388
2,0.0254852,0.0252095,-0.167036,0,1,0,0,0,0.382683,0.92388
2,0.0254742,0.0252035,-0.162036,0,1,0,0,0,0.382683,0.92388
2,0.0254632,0.0251975,-0.157036,0,1,0,0,0,0.382683,0.92388
2,0.0254522,0.0251916,-0.152036,0,1,0,0,0,0.382683,0.92388
2,0.0254412,0.0251856,-0.147036,0,1,0,0,0,0.382683,0.92388
2,0.0254302,0.0251796,-0.142036,0,1,0,0,0,0.382683,0.92388
2,0.0254192,0.0251737,-0.137036,0,1,0,0,0,0.382683,0.92388
2,0.0254082,0.0251677,-0.132036,0,1,0,0,0,0.382683,0.92388
2,0.0253972,0.0251618,-0.127036,0,1,0,0,0,0.382683,0.92388
2,0.0253862,0.0251558,-0.122036,0,1,0,0,0,0.382683,0.92388
2,0.0253752,0.0251498,-0.117036,0,1,0,0,0,0.382683,0.92388
2,0.0253643,0.0251439,-0.112036,0,1,0,0,0,0.382683,0.92388
2,0.0253533,0.0251379,-0.107036,0,1,0,0,0,0.382683,0.92388
2,0.0253423,0.0251319,-0.102036,0,1,0,0,0,0.382683,0.92388
2,0.0253313,0.025126,-0.0970358,0,1,0,0,0,0.382683,0.92388
2,0.0253203,0.02512,-0.0920358,0,1,0,0,0,0.382683,0.92388
2,0.0253093,0.025114,-0.0870359,0,1,0,0,0,0.382683,0.92388
2,0.0252983,0.0251081,-0.0820359,0,1,0,0,0,0.382683,0.92388
2,0.0252873,0.0251021,-0.0770359,0,1,0,0,0,0.382683,0.92388
2,0.0252763,0.0250961,-0.0720359,0,1,0,0,0,0.382683,0.92388
2,0.0252653,0.0250902,-0.0670359,0,1,0,0,0,0.382683,0.92388
2,0.0252543,0.0250842,-0.0620359,0,1,0,0,0,0.382683,0.92388
2,0.0252434,0.0250782,-0.0570359,0,1,0,0,0,0.382683,0.92388
2,0.0252324,0.0250723,-0.052036,0,1,0,0,0,0.382683,0.92388
2,0.0252214,0.0250663,-0.047036,0,1,0,0,0,0.382683,0.92388
2,0.0252104,0.0250603,-0.042036,0,1,0,0,0,0.382683,0.92388
2,0.0251994,0.0250544,-0.037036,0,1,0,0,0,0.382683,0.92388
2,0.0251884,0.0250484,-0.032036,0,1,0,0,0,0.382683,0.92388
2,0.0251774,0.0250424,-0.027036,0,1,0,0,0,0.382683,0.92388
2,0.0251664,0.0250365,-0.0220361,0,1,0,0,0,0.382683,0.92388
2,0.0251554,0.0250305,-0.0170361,0,1,0,0,0,0.382683,0.92388
2,0.0251444,0.0250245,-0.0120361,0,1,0,0,0,0.382683,0.92388
2,0.0251334,0.0250186,-0.0070361,0,1,0,0,0,0.382683,0.92388
2,0.0251224,0.0250126,-0.00203612,0,1,0,0,0,0.382683,0.92388
2,0.0251115,0.0250066,0.00296387,0,1,0,0,0,0.382683,0.92388
2,0.0251005,0.0250007,0.00796385,0,1,0,0,0,0.382683,0.92388
2,0.0250895,0.0249947,0.0129638,0,1,0,0,0,0.382683,0.92388
2,0.0250785,0.0249887,0.0179638,0,1,0,0,0,0.382683,0.92388
2,0.0250675,0.0249828,0.0229638,0,1,0,0,0,0.382683,0.92388
2,0.0250565,0.0249768,0.0279638,0,1,0,0,0,0.382683,0.92388
2,0.0250455,0.0249708,0.0329638,0,1,0,0,0,0.382683,0.92388
2,0.0250345,0.0249649,0.0379638,0,1,0,0,0,0.382683,0.92388
2,0.0250235,0.0249589,0.0429637,0,1,0,0,0,0.382683,0.92388
2,0.0250125,0.0249529,0.0479637,0,1,0,0,0,0.382683,0.92388
2,0.0250015,0.024947,0.0529637,0,1,0,0,0,0.382683,0.92388
2,0.0249906,0.024941,0.0579637,0,1,0,0,0,0.382683,0.92388
2,0.0249796,0.024935,0.0629637,0,1,0,0,0,0.382683,0.92388
2,0.0249686,0.0249291,0.0679637,0,1,0,0,0,0.382683,0.92388
2,0.0249576,0.0249231,0.0729636,0,1,0,0,0,0.382683,0.92388
2,0.0249466,0.0249172,0.0779636,0,1,0,0,0,0.382683,0.92388
2,0.0249356,0.0249112,0.0829636,0,1,0,0,0,0.382683,0.92388
2,0.0249246,0.0249052,0.0879636,0,1,0,0,0,0.382683,0.92388
2,0.0249136,0.0248993,0.0929636,0,1,0,0,0,0.382683,0.92388
2,0.0249026,0.0248933,0.0979636,0,1,0,0,0,0.382683,0.92388
2,0.0248916,0.0248873,0.102964,0,1,0,0,0,0.382683,0.92388
2,0.0248806,0.0248814,0.107964,0,1,0,0,0,0.382683,0.92388
2,0.0248697,0.0248754,0.112964,0,1,0,0,0,0.382683,0.92388
2,0.0248587,0.0248694,0.117964,0,1,0,0,0,0.382683,0.92388
2,0.0248477,0.0248635,0.122964,0,1,0,0,0,0.382683,0.92388
2,0.0248367,0.0248575,0.127963,0,1,0,0,0,0.382683,0.92388
2,0.0248257,0.0248515,0.132963,0,1,0,0,0,0.382683,0.92388
2,0.0248147,0.0248456,0.137963,0,1,0,0,0,0.382683,0.92388
2,0.0248037,0.0248396,0.142963,0,1,0,0,0,0.382683,0.92388
2,0.0247927,0.0248336,0.147963,0,1,0,0,0,0.382683,0.92388
2,0.0247817,0.0248277,0.152963,0,1,0,0,0,0.382683,0.92388
2,0.0247707,0.0248217,0.157963,0,1,0,0,0,0.382683,0.92388
2,0.0247597,0.0248157,0.162963,0,1,0,0,0,0.382683,0.92388
2,0.0247488,0.0248098,0.167963,0,1,0,0,0,0.382683,0.92388
2,0.0247378,0.0248038,0.172963,0,1,0,0,0,0.382683,0.92388
2,0.0247268,0.0247978,0.177963,0,1,0,0,0,0.382683,0.92388
2,0.0247158,0.0247919,0.182963,0,1,0,0,0,0.382683,0.92388
2,0.0247048,0.0247859,0.187963,0,1,0,0,0,0.382683,0.92388
2,0.0246938,0.0247799,0.192963,0,1,0,0,0,0.382683,0.92388
2,0.0246828,0.024774,0.197963,0,1,0,0,0,0.382683,0.92388
2,0.0246718,0.024768,0.202963,0,1,0,0,0,0.382683,0.92388
2,0.0246608,0.024762,0.207963,0,1,0,0,0,0.382683,0.92388
2,0.0246498,0.0247561,0.212963,0,1,0,0,0,0.382683,0.92388
2,0.0246388,0.0247501,0.217963,0,1,0,0,0,0.382683,0.92388
2,0.0246279,0.0247441,0.222963,0,1,0,0,0,0.382683,0.92388
2,0.0246169,0.0247382,0.227963,0,1,0,0,0,0.382683,0.92388
2,0.0246059,0.0247322,0.232963,0,1,0,0,0,0.382683,0.92388
2,0.0245949,0.0247262,0.237963,0,1,0,0,0,0.382683,0.92388
2,0.0245839,0.0247203,0.242963,0,1,0,0,0,0.382683,0.92388
2,0.0245729,0.0247143,0.247963,0,1,0,0,0,0.382683,0.92388
2,0.0245619,0.0247084,0.252963,0,1,0,0,0,0.382683,0.92388
2,0.0245509,0.0247024,0.257963,0,1,0,0,0,0.382683,0.92388
2,0.0245399,0.0246964,0.262963,0,1,0,0,0,0.382683,0.92388
2,0.0245289,0.0246905,0.267963,0,1,0,0,0,0.382683,0.92388
2,0.0245179,0.0246845,0.272963,0,1,0,0,0,0.382683,0.92388
2,0.0245069,0.0246785,0.277963,0,1,0,0,0,0.382683,0.92388
2,0.024496,0.0246726,0.282963,0,1,0,0,0,0.382683,0.92388
2,0.024485,0.0246666,0.287963,0,1,0,0,0,0.382683,0.92388
2,0.024474,0.0246606,0.292963,0,1,0,0,0,0.382683,0.92388
2,0.024463,0.0246547,0.297963,0,1,0,0,0,0.382683,0.92388
2,0.024452,0.0246487,0.302963,0,1,0,0,0,0.382683,0.92388
2,0.024441,0.0246427,0.307963,0,1,0,0,0,0.382683,0.92388
2,0.02443,0.0246368,0.312963,0,1,0,0,0,0.382683,0.92388
2,0.024419,0.0246308,0.317963,0,1,0,0,0,0.382683,0.92388
3,0.025598,-0.0252966,-0.217035,0,1,0,0,0,0.382683,0.92388
3,0.0255871,-0.0252906,-0.212035,0,1,0,0,0,0.382683,0.92388
3,0.0255761,-0.0252845,-0.207035,0,1,0,0,0,0.382683,0.92388
3,0.0255651,-0.0252784,-0.202035,0,1,0,0,0,0.382683,0.92388
3,0.0255541,-0.0252723,-0.197035,0,1,0,0,0,0.382683,0.92388
3,0.0255431,-0.0252662,-0.192035,0,1,0,0,0,0.382683,0.92388
3,0.0255321,-0.0252602,-0.187035,0,1,0,0,0,0.382683,0.92388
3,0.0255211,-0.0252541,-0.182036,0,1,0,0,0,0.382683,0.92388
3,0.0255101,-0.025248,-0.177036,0,1,0,0,0,0.382683,0.92388
3,0.0254991,-0.0252419,-0.172036,0,1,0,0,0,0.382683,0.92388
3,0.0254881,-0.0252358,-0.167036,0,1,0,0,0,0.382683,0.92388
3,0.0254771,-0.0252297,-0.162036,0,1,0,0,0,0.382683,0.92388
3,0.0254661,-0.0252237,-0.157036,0,1,0,0,0,0.382683,0.92388
3,0.0254552,-0.0252176,-0.152036,0,1,0,0,0,0.382683,0.92388
3,0.0254442,-0.0252115,-0.147036,0,1,0,0,0,0.382683,0.92388
3,0.0254332,-0.0252054,-0.142036,0,1,0,0,0,0.382683,0.92388
3,0.0254222,-0.0251993,-0.137036,0,1,0,0,0,0.382683,0.92388
3,0.0254112,-0.0251933,-0.132036,0,1,0,0,0,0.382683,0.92388
3,0.0254002,-0.0251872,-0.127036,0,1,0,0,0,0.382683,0.92388
3,0.0253892,-0.0251811,-0.122036,0,1,0,0,0,0.382683,0.92388
3,0.0253782,-0.025175,-0.117036,0,1,0,0,0,0.382683,0.92388
3,0.0253672,-0.0251689,-0.112036,0,1,0,0,0,0.382683,0.92388
3,0.0253562,-0.0251628,-0.107036,0,1,0,0,0,0.382683,0.92388
3,0.0253452,-0.0251568,-0.102036,0,1,0,0,0,0.382683,0.92388
3,0.0253342,-0.0251507,-0.0970358,0,1,0,0,0,0.382683,0.92388
3,0.0253232,-0.0251446,-0.0920358,0,1,0,0,0,0.382683,0.92388
3,0.0253123,-0.0251385,-0.0870358,0,1,0,0,0,0.382683,0.92388
3,0.0253013,-0.0251324,-0.0820359,0,1,0,0,0,0.382683,0.92388
3,0.0252903,-0.0251264,-0.0770359,0,1,0,0,0,0.382683,0.92388
3,0.0252793,-0.0251203,-0.0720359,0,1,0,0,0,0.382683,0.92388
3,0.0252683,-0.0251142,-0.0670359,0,1,0,0,0,0.382683,0.92388
3,0.0252573,-0.0251081,-0.0620359,0,1,0,0,0,0.382683,0.92388
3,0.0252463,-0.025102,-0.0570359,0,1,0,0,0,0.382683,0.92388
3,0.0252353,-0.0250959,-0.052036,0,1,0,0,0,0.382683,0.92388
3,0.0252243,-0.0250899,-0.047036,0,1,0,0,0,0.382683,0.92388
3,0.0252133,-0.0250838,-0.042036,0,1,0,0,0,0.382683,0.92388
3,0.0252023,-0.0250777,-0.037036,0,1,0,0,0,0.382683,0.92388
3,0.0251913,-0.0250716,-0.032036,0,1,0,0,0,0.382683,0.92388
3,0.0251804,-0.0250655,-0.027036,0,1,0,0,0,0.382683,0.92388
3,0.0251694,-0.0250594,-0.0220361,0,1,0,0,0,0.382683,0.92388
3,0.0251584,-0.0250534,-0.0170361,0,1,0,0,0,0.382683,0.92388
3,0.0251474,-0.0250473,-0.0120361,0,1,0,0,0,0.382683,0.92388
3,0.0251364,-0.0250412,-0.0070361,0,1,0,0,0,0.382683,0.92388
3,0.0251254,-0.0250351,-0.00203612,0,1,0,0,0,0.382683,0.92388
3,0.0251144,-0.025029,0.00296387,0,1,0,0,0,0.382683,0.92388
3,0.0251034,-0.025023,0.00796385,0,1,0,0,0,0.382683,0.92388
3,0.0250924,-0.0250169,0.0129638,0,1,0,0,0,0.382683,0.92388
3,0.0250814,-0.0250108,0.0179638,0,1,0,0,0,0.382683,0.92388
3,0.0250704,-0.0250047,0.0229638,0,1,0,0,0,0.382683,0.92388
3,0.0250594,-0.0249986,0.0279638,0,1,0,0,0,0.382683,0.92388
3,0.0250485,-0.0249925,0.0329638,0,1,0,0,0,0.382683,0.92388
3,0.0250375,-0.0249865,0.0379638,0,1,0,0,0,0.382683,0.92388
3,0.0250265,-0.0249804,0.0429637,0,1,0,0,0,0.382683,0.92388
3,0.0250155,-0.0249743,0.0479637,0,1,0,0,0,0.382683,0.92388
3,0.0250045,-0.0249682,0.0529637,0,1,0,0,0,0.382683,0.92388
3,0.0249935,-0.0249621,0.0579637,0,1,0,0,0,0.382683,0.92388
3,0.0249825,-0.0249561,0.0629637,0,1,0,0,0,0.382683,0.92388
3,0.0249715,-0.02495,0.0679637,0,1,0,0,0,0.382683,0.92388
3,0.0249605,-0.0249439,0.0729636,0,1,0,0,0,0.382683,0.92388
3,0.0249495,-0.0249378,0.0779636,0,1,0,0,0,0.382683,0.92388
3,0.0249385,-0.0249317,0.0829636,0,1,0,0,0,0.382683,0.92388
3,0.0249275,-0.0249256,0.0879636,0,1,0,0,0,0.382683,0.92388
3,0.0249166,-0.0249196,0.0929636,0,1,0,0,0,0.382683,0.92388
3,0.0249056,-0.0249135,0.0979636,0,1,0,0,0,0.382683,0.92388
3,0.0248946,-0.0249074,0.102964,0,1,0,0,0,0.382683,0.92388
3,0.0248836,-0.0249013,0.107964,0,1,0,0,0,0.382683,0.92388
3,0.0248726,-0.0248952,0.112964,0,1,0,0,0,0.382683,0.92388
3,0.0248616,-0.0248892,0.117964,0,1,0,0,0,0.382683,0.92388
3,0.0248506,-0.0248831,0.122964,0,1,0,0,0,0.382683,0.92388
3,0.0248396,-0.024877,0.127963,0,1,0,0,0,0.382683,0.92388
3,0.0248286,-0.0248709,0.132963,0,1,0,0,0,0.382683,0.92388
3,0.0248176,-0.0248648,0.137963,0,1,0,0,0,0.382683,0.92388
3,0.0248066,-0.0248587,0.142963,0,1,0,0,0,0.382683,0.92388
3,0.0247956,-0.0248527,0.147963,0,1,0,0,0,0.382683,0.92388
3,0.0247847,-0.0248466,0.152963,0,1,0,0,0,0.382683,0.92388
3,0.0247737,-0.0248405,0.157963,0,1,0,0,0,0.382683,0.92388
3,0.0247627,-0.0248344,0.162963,0,1,0,0,0,0.382683,0.92388
3,0.0247517,-0.0248283,0.167963,0,1,0,0,0,0.382683,0.92388
3,0.0247407,-0.0248223,0.172963,0,1,0,0,0,0.382683,0.92388
3,0.0247297,-0.0248162,0.177963,0,1,0,0,0,0.382683,0.92388
3,0.0247187,-0.0248101,0.182963,0,1,0,0,0,0.382683,0.92388
3,0.0247077,-0.024804,0.187963,0,1,0,0,0,0.382683,0.92388
3,0.0246967,-0.0247979,0.192963,0,1,0,0,0,0.382683,0.92388
3,0.0246857,-0.0247918,0.197963,0,1,0,0,0,0.382683,0.92388
3,0.0246747,-0.0247858,0.202963,0,1,0,0,0,0.382683,0.92388
3,0.0246637,-0.0247797,0.207963,0,1,0,0,0,0.382683,0.92388
3,0.0246528,-0.0247736,0.212963,0,1,0,0,0,0.382683,0.92388
3,0.0246418,-0.0247675,0.217963,0,1,0,0,0,0.382683,0.92388
3,0.0246308,-0.0247614,0.222963,0,1,0,0,0,0.382683,0.92388
3,0.0246198,-0.0247554,0.227963,0,1,0,0,0,0.382683,0.92388
3,0.0246088,-0.0247493,0.232963,0,1,0,0,0,0.382683,0.92388
3,0.0245978,-0.0247432,0.237963,0,1,0,0,0,0.382683,0.92388
3,0.0245868,-0.0247371,0.242963,0,1,0,0,0,0.382683,0.92388
3,0.0245758,-0.024731,0.247963,0,1,0,0,0,0.382683,0.92388
3,0.0245648,-0.0247249,0.252963,0,1,0,0,0,0.382683,0.92388
3,0.0245538,-0.0247189,0.257963,0,1,0,0,0,0.382683,0.92388
3,0.0245428,-0.0247128,0.262963,0,1,0,0,0,0.382683,0.92388
3,0.0245318,-0.0247067,0.267963,0,1,0,0,0,0.382683,0.92388
3,0.0245208,-0.0247006,0.272963,0,1,0,0,0,0.382683,0.92388
3,0.0245099,-0.0246945,0.277963,0,1,0,0,0,0.382683,0.92388
3,0.0244989,-0.0246885,0.282963,0,1,0,0,0,0.382683,0.92388
3,0.0244879,-0.0246824,0.287963,0,1,0,0,0,0.382683,0.92388
3,0.0244769,-0.0246763,0.292963,0,1,0,0,0,0.382683,0.92388
3,0.0244659,-0.0246702,0.297963,0,1,0,0,0,0.382683,0.92388
3,0.0244549,-0.0246641,0.302963,0,1,0,0,0,0.382683,0.92388
3,0.0244439,-0.024658,0.307963,0,1,0,0,0,0.382683,0.92388
3,0.0244329,-0.024652,0.312963,0,1,0,0,0,0.382683,0.92388
3,0.0244219,-0.0246459,0.317963,0,1,0,0,0,0.382683,0.92388
4,0.0255708,0.249989,-0.212036,0,1,0,0,0,0.382683,0.92388
4,0.0255598,0.24999,-0.207036,0,1,0,0,0,0.382683,0.92388
4,0.0255488,0.24999,-0.202036,0,1,0,0,0,0.382683,0.92388
4,0.0255378,0.249991,-0.197036,0,1,0,0,0,0.382683,0.92388
4,0.0255269,0.249991,-0.192036,0,1,0,0,0,0.382683,0.92388
4,0.0255159,0.249992,-0.187036,0,1,0,0,0,0.382683,0.92388
4,0.0255049,0.249992,-0.182036,0,1,0,0,0,0.382683,0.92388
4,0.0254939,0.249993,-0.177036,0,1,0,0,0,0.382683,0.92388
4,0.0254829,0.249993,-0.172036,0,1,0,0,0,0.382683,0.92388
4,0.0254719,0.249994,-0.167036,0,1,0,0,0,0.382683,0.92388
4,0.0254609,0.249994,-0.162036,0,1,0,0,0,0.382683,0.92388
4,0.0254499,0.249995,-0.157036,0,1,0,0,0,0.382683,0.92388
4,0.0254389,0.249995,-0.152036,0,1,0,0,0,0.382683,0.92388
4,0.0254279,0.249996,-0.147036,0,1,0,0,0,0.382683,0.92388
4,0.0254169,0.249996,-0.142036,0,1,0,0,0,0.382683,0.92388
4,0.025406,0.249997,-0.137036,0,1,0,0,0,0.382683,0.92388
4,0.025395,0.249998,-0.132036,0,1,0,0,0,0.382683,0.92388
4,0.025384,0.249998,-0.127036,0,1,0,0,0,0.382683,0.92388
4,0.025373,0.249999,-0.122036,0,1,0,0,0,0.382683,0.92388
4,0.025362,0.249999,-0.117036,0,1,0,0,0,0.382683,0.92388
4,0.025351,0.25,-0.112036,0,1,0,0,0,0.382683,0.92388
4,0.02534,0.25,-0.107036,0,1,0,0,0,0.382683,0.92388
4,0.025329,0.250001,-0.102036,0,1,0,0,0,0.382683,0.92388
4,0.025318,0.250001,-0.0970359,0,1,0,0,0,0.382683,0.92388
4,0.025307,0.250002,-0.0920359,0,1,0,0,0,0.382683,0.92388
4,0.025296,0.250002,-0.0870359,0,1,0,0,0,0.382683,0.92388
4,0.025285,0.250003,-0.0820359,0,1,0,0,0,0.382683,0.92388
4,0.0252741,0.250003,-0.0770359,0,1,0,0,0,0.382683,0.92388
4,0.0252631,0.250004,-0.0720359,0,1,0,0,0,0.382683,0.92388
4,0.0252521,0.250004,-0.067036,0,1,0,0,0,0.382683,0.92388
4,0.0252411,0.250005,-0.062036,0,1,0,0,0,0.382683,0.92388
4,0.0252301,0.250005,-0.057036,0,1,0,0,0,0.382683,0.92388
4,0.0252191,0.250006,-0.052036,0,1,0,0,0,0.382683,0.92388
4,0.0252081,0.250006,-0.047036,0,1,0,0,0,0.382683,0.92388
4,0.0251971,0.250007,-0.042036,0,1,0,0,0,0.382683,0.92388
4,0.0251861,0.250007,-0.037036,0,1,0,0,0,0.382683,0.92388
4,0.0251751,0.250008,-0.032036,0,1,0,0,0,0.382683,0.92388
4,0.0251641,0.250008,-0.0270361,0,1,0,0,0,0.382683,0.92388
4,0.0251531,0.250009,-0.0220361,0,1,0,0,0,0.382683,0.92388
4,0.0251422,0.250009,-0.0170361,0,1,0,0,0,0.382683,0.92388
4,0.0251312,0.25001,-0.0120361,0,1,0,0,0,0.382683,0.92388
4,0.0251202,0.25001,-0.00703611,0,1,0,0,0,0.382683,0.92388
4,0.0251092,0.250011,-0.00203612,0,1,0,0,0,0.382683,0.92388
4,0.0250982,0.250011,0.00296387,0,1,0,0,0,0.382683,0.92388
4,0.0250872,0.250012,0.00796386,0,1,0,0,0,0.382683,0.92388
4,0.0250762,0.250012,0.0129638,0,1,0,0,0,0.382683,0.92388
4,0.0250652,0.250013,0.0179638,0,1,0,0,0,0.382683,0.92388
4,0.0250542,0.250013,0.0229638,0,1,0,0,0,0.382683,0.92388
4,0.0250432,0.250014,0.0279638,0,1,0,0,0,0.382683,0.92388
4,0.0250322,0.250014,0.0329638,0,1,0,0,0,0.382683,0.92388
4,0.0250212,0.250015,0.0379638,0,1,0,0,0,0.382683,0.92388
4,0.0250103,0.250015,0.0429638,0,1,0,0,0,0.382683,0.92388
4,0.0249993,0.250016,0.0479638,0,1,0,0,0,0.382683,0.92388
4,0.0249883,0.250016,0.0529637,0,1,0,0,0,0.382683,0.92388
4,0.0249773,0.250017,0.0579637,0,1,0,0,0,0.382683,0.92388
4,0.0249663,0.250017,0.0629637,0,1,0,0,0,0.382683,0.92388
4,0.0249553,0.250018,0.0679637,0,1,0,0,0,0.382683,0.92388
4,0.0249443,0.250018,0.0729637,0,1,0,0,0,0.382683,0.92388
4,0.0249333,0.250019,0.0779637,0,1,0,0,0,0.382683,0.92388
4,0.0249223,0.25002,0.0829637,0,1,0,0,0,0.382683,0.92388
4,0.0249113,0.25002,0.0879637,0,1,0,0,0,0.382683,0.92388
4,0.0249003,0.250021,0.0929637,0,1,0,0,0,0.382683,0.92388
4,0.0248894,0.250021,0.0979637,0,1,0,0,0,0.382683,0.92388
4,0.0248784,0.250022,0.102964,0,1,0,0,0,0.382683,0.92388
4,0.0248674,0.250022,0.107964,0,1,0,0,0,0.382683,0.92388
4,0.0248564,0.250023,0.112964,0,1,0,0,0,0.382683,0.92388
4,0.0248454,0.250023,0.117964,0,1,0,0,0,0.382683,0.92388
4,0.0248344,0.250024,0.122964,0,1,0,0,0,0.382683,0.92388
4,0.0248234,0.250024,0.127964,0,1,0,0,0,0.382683,0.92388
4,0.0248124,0.250025,0.132964,0,1,0,0,0,0.382683,0.92388
4,0.0248014,0.250025,0.137964,0,1,0,0,0,0.382683,0.92388
4,0.0247904,0.250026,0.142964,0,1,0,0,0,0.382683,0.92388
4,0.0247794,0.250026,0.147964,0,1,0,0,0,0.382683,0.92388
4,0.0247684,0.250027,0.152964,0,1,0,0,0,0.382683,0.92388
4,0.0247575,0.250027,0.157963,0,1,0,0,0,0.382683,0.92388
4,0.0247465,0.250028,0.162963,0,1,0,0,0,0.382683,0.92388
4,0.0247355,0.250028,0.167963,0,1,0,0,0,0.382683,0.92388
4,0.0247245,0.250029,0.172963,0,1,0,0,0,0.382683,0.92388
4,0.0247135,0.250029,0.177963,0,1,0,0,0,0.382683,0.92388
4,0.0247025,0.25003,0.182963,0,1,0,0,0,0.382683,0.92388
4,0.0246915,0.25003,0.187963,0,1,0,0,0,0.382683,0.92388
4,0.0246805,0.250031,0.192963,0,1,0,0,0,0.382683,0.92388
4,0.0246695,0.250031,0.197963,0,1,0,0,0,0.382683,0.92388
4,0.0246585,0.250032,0.202963,0,1,0,0,0,0.382683,0.92388
4,0.0246475,0.250032,0.207963,0,1,0,0,0,0.382683,0.92388
4,0.0246365,0.250033,0.212963,0,1,0,0,0,0.382683,0.92388
4,0.0246256,0.250033,0.217963,0,1,0,0,0,0.382683,0.92388
4,0.0246146,0.250034,0.222963,0,1,0,0,0,0.382683,0.92388
4,0.0246036,0.250034,0.227963,0,1,0,0,0,0.382683,0.92388
4,0.0245926,0.250035,0.232963,0,1,0,0,0,0.382683,0.92388
4,0.0245816,0.250035,0.237963,0,1,0,0,0,0.382683,0.92388
4,0.0245706,0.250036,0.242963,0,1,0,0,0,0.382683,0.92388
4,0.0245596,0.250036,0.247963,0,1,0,0,0,0.382683,0.92388
4,0.0245486,0.250037,0.252963,0,1,0,0,0,0.382683,0.92388
4,0.0245376,0.250037,0.257963,0,1,0,0,0,0.382683,0.92388
4,0.0245266,0.250038,0.262963,0,1,0,0,0,0.382683,0.92388
4,0.0245156,0.250038,0.267963,0,1,0,0,0,0.382683,0.92388
4,0.0245047,0.250039,0.272963,0,1,0,0,0,0.382683,0.92388
4,0.0244937,0.250039,0.277963,0,1,0,0,0,0.382683,0.92388
4,0.0244827,0.25004,0.282963,0,1,0,0,0,0.382683,0.92388
4,0.0244717,0.25004,0.287963,0,1,0,0,0,0.382683,0.92388
4,0.0244607,0.250041,0.292963,0,1,0,0,0,0.382683,0.92388
4,0.0244497,0.250041,0.297963,0,1,0,0,0,0.382683,0.92388
4,0.0244387,0.250042,0.302963,0,1,0,0,0,0.382683,0.92388
4,0.0244277,0.250043,0.307963,0,1,0,0,0,0.382683,0.92388
4,0.0244167,0.250043,0.312963,0,1,0,0,0,0.382683,0.92388
5,-0.0252989,0.025298,-0.217089,0,1,0,0,0,0.382683,0.92388
5,-0.0252932,0.025292,-0.212089,0,1,0,0,0,0.382683,0.92388
5,-0.0252875,0.025286,-0.207089,0,1,0,0,0,0.382683,0.92388
5,-0.0252818,0.0252801,-0.202089,0,1,0,0,0,0.382683,0.92388
5,-0.0252761,0.0252741,-0.197089,0,1,0,0,0,0.382683,0.92388
5,-0.0252704,0.0252681,-0.192089,0,1,0,0,0,0.382683,0.92388
5,-0.0252647,0.0252621,-0.187089,0,1,0,0,0,0.382683,0.92388
5,-0.025259,0.0252562,-0.182089,0,1,0,0,0,0.382683,0.92388
5,-0.0252533,0.0252502,-0.177089,0,1,0,0,0,0.382683,0.92388
5,-0.0252476,0.0252442,-0.172089,0,1,0,0,0,0.382683,0.92388
5,-0.0252419,0.0252382,-0.167089,0,1,0,0,0,0.382683,0.92388
5,-0.0252362,0.0252323,-0.162089,0,1,0,0,0,0.382683,0.92388
5,-0.0252306,0.0252263,-0.157089,0,1,0,0,0,0.382683,0.92388
5,-0.0252249,0.0252203,-0.152089,0,1,0,0,0,0.382683,0.92388
5,-0.0252192,0.0252143,-0.147089,0,1,0,0,0,0.382683,0.92388
5,-0.0252135,0.0252084,-0.142089,0,1,0,0,0,0.382683,0.92388
5,-0.0252078,0.0252024,-0.137089,0,1,0,0,0,0.382683,0.92388
5,-0.0252021,0.0251964,-0.132089,0,1,0,0,0,0.382683,0.92388
5,-0.0251964,0.0251904,-0.127089,0,1,0,0,0,0.382683,0.92388
5,-0.0251907,0.0251845,-0.122089,0,1,0,0,0,0.382683,0.92388
5,-0.025185,0.0251785,-0.117089,0,1,0,0,0,0.382683,0.92388
5,-0.0251793,0.0251725,-0.112089,0,1,0,0,0,0.382683,0.92388
5,-0.0251736,0.0251665,-0.107089,0,1,0,0,0,0.382683,0.92388
5,-0.0251679,0.0251605,-0.102089,0,1,0,0,0,0.382683,0.92388
5,-0.0251622,0.0251546,-0.0970892,0,1,0,0,0,0.382683,0.92388
5,-0.0251565,0.0251486,-0.0920892,0,1,0,0,0,0.382683,0.92388
5,-0.0251509,0.0251426,-0.0870892,0,1,0,0,0,0.382683,0.92388
5,-0.0251452,0.0251366,-0.0820892,0,1,0,0,0,0.382683,0.92388
5,-0.0251395,0.0251307,-0.0770892,0,1,0,0,0,0.382683,0.92388
5,-0.0251338,0.0251247,-0.0720892,0,1,0,0,0,0.382683,0.92388
5,-0.0251281,0.0251187,-0.0670892,0,1,0,0,0,0.382683,0.92388
5,-0.0251224,0.0251127,-0.0620892,0,1,0,0,0,0.382683,0.92388
5,-0.0251167,0.0251068,-0.0570892,0,1,0,0,0,0.382683,0.92388
5,-0.025111,0.0251008,-0.0520892,0,1,0,0,0,0.382683,0.92388
5,-0.0251053,0.0250948,-0.0470892,0,1,0,0,0,0.382683,0.92388
5,-0.0250996,0.0250888,-0.0420892,0,1,0,0,0,0.382683,0.92388
5,-0.0250939,0.0250829,-0.0370892,0,1,0,0,0,0.382683,0.92388
5,-0.0250882,0.0250769,-0.0320892,0,1,0,0,0,0.382683,0.92388
5,-0.0250825,0.0250709,-0.0270893,0,1,0,0,0,0.382683,0.92388
5,-0.0250768,0.0250649,-0.0220893,0,1,0,0,0,0.382683,0.92388
5,-0.0250712,0.025059,-0.0170893,0,1,0,0,0,0.382683,0.92388
5,-0.0250655,0.025053,-0.0120893,0,1,0,0,0,0.382683,0.92388
5,-0.0250598,0.025047,-0.00708928,0,1,0,0,0,0.382683,0.92388
5,-0.0250541,0.025041,-0.00208929,0,1,0,0,0,0.382683,0.92388
5,-0.0250484,0.0250351,0.0029107,0,1,0,0,0,0.382683,0.92388
5,-0.0250427,0.0250291,0.0079107,0,1,0,0,0,0.382683,0.92388
5,-0.025037,0.0250231,0.0129107,0,1,0,0,0,0.382683,0.92388
5,-0.0250313,0.0250171,0.0179107,0,1,0,0,0,0.382683,0.92388
5,-0.0250256,0.0250112,0.0229107,0,1,0,0,0,0.382683,0.92388
5,-0.0250199,0.0250052,0.0279107,0,1,0,0,0,0.382683,0.92388
5,-0.0250142,0.0249992,0.0329107,0,1,0,0,0,0.382683,0.92388
5,-0.0250085,0.0249932,0.0379107,0,1,0,0,0,0.382683,0.92388
5,-0.0250028,0.0249873,0.0429106,0,1,0,0,0,0.382683,0.92388
5,-0.0249972,0.0249813,0.0479106,0,1,0,0,0,0.382683,0.92388
5,-0.0249915,0.0249753,0.0529106,0,1,0,0,0,0.382683,0.92388
5,-0.0249858,0.0249693,0.0579106,0,1,0,0,0,0.382683,0.92388
5,-0.0249801,0.0249634,0.0629106,0,1,0,0,0,0.382683,0.92388
5,-0.0249744,0.0249574,0.0679106,0,1,0,0,0,0.382683,0.92388
5,-0.0249687,0.0249514,0.0729106,0,1,0,0,0,0.382683,0.92388
5,-0.024963,0.0249454,0.0779106,0,1,0,0,0,0.382683,0.92388
5,-0.0249573,0.0249395,0.0829106,0,1,0,0,0,0.382683,0.92388
5,-0.0249516,0.0249335,0.0879106,0,1,0,0,0,0.382683,0.92388
5,-0.0249459,0.0249275,0.0929106,0,1,0,0,0,0.382683,0.92388
5,-0.0249402,0.0249215,0.0979106,0,1,0,0,0,0.382683,0.92388
5,-0.0249345,0.0249156,0.102911,0,1,0,0,0,0.382683,0.92388
5,-0.0249288,0.0249096,0.107911,0,1,0,0,0,0.382683,0.92388
5,-0.0249231,0.0249036,0.112911,0,1,0,0,0,0.382683,0.92388
5,-0.0249175,0.0248976,0.117911,0,1,0,0,0,0.382683,0.92388
5,-0.0249118,0.0248917,0.122911,0,1,0,0,0,0.382683,0.92388
5,-0.0249061,0.0248857,0.127911,0,1,0,0,0,0.382683,0.92388
5,-0.0249004,0.0248797,0.132911,0,1,0,0,0,0.382683,0.92388
5,-0.0248947,0.0248737,0.137911,0,1,0,0,0,0.382683,0.92388
5,-0.024889,0.0248678,0.142911,0,1,0,0,0,0.382683,0.92388
5,-0.0248833,0.0248618,0.147911,0,1,0,0,0,0.382683,0.92388
5,-0.0248776,0.0248558,0.152911,0,1,0,0,0,0.382683,0.92388
5,-0.0248719,0.0248498,0.15791,0,1,0,0,0,0.382683,0.92388
5,-0.0248662,0.0248439,0.16291,0,1,0,0,0,0.382683,0.92388
5,-0.0248605,0.0248379,0.16791,0,1,0,0,0,0.382683,0.92388
5,-0.0248548,0.0248319,0.17291,0,1,0,0,0,0.382683,0.92388
5,-0.0248491,0.0248259,0.17791,0,1,0,0,0,0.382683,0.92388
5,-0.0248434,0.02482,0.18291,0,1,0,0,0,0.382683,0.92388
5,-0.0248378,0.024814,0.18791,0,1,0,0,0,0.382683,0.92388
5,-0.0248321,0.024808,0.19291,0,1,0,0,0,0.382683,0.92388
5,-0.0248264,0.024802,0.19791,0,1,0,0,0,0.382683,0.92388
5,-0.0248207,0.0247961,0.20291,0,1,0,0,0,0.382683,0.92388
5,-0.024815,0.0247901,0.20791,0,1,0,0,0,0.382683,0.92388
5,-0.0248093,0.0247841,0.21291,0,1,0,0,0,0.382683,0.92388
5,-0.0248036,0.0247781,0.21791,0,1,0,0,0,0.382683,0.92388
5,-0.0247979,0.0247722,0.22291,0,1,0,0,0,0.382683,0.92388
5,-0.0247922,0.0247662,0.22791,0,1,0,0,0,0.382683,0.92388
5,-0.0247865,0.0247602,0.23291,0,1,0,0,0,0.382683,0.92388
5,-0.0247808,0.0247542,0.23791,0,1,0,0,0,0.382683,0.92388
5,-0.0247751,0.0247483,0.24291,0,1,0,0,0,0.382683,0.92388
5,-0.0247694,0.0247423,0.24791,0,1,0,0,0,0.382683,0.92388
5,-0.0247637,0.0247363,0.25291,0,1,0,0,0,0.382683,0.92388
5,-0.0247581,0.0247303,0.25791,0,1,0,0,0,0.382683,0.92388
5,-0.0247524,0.0247244,0.26291,0,1,0,0,0,0.382683,0.92388
5,-0.0247467,0.0247184,0.26791,0,1,0,0,0,0.382683,0.92388
5,-0.024741,0.0247124,0.27291,0,1,0,0,0,0.382683,0.92388
5,-0.0247353,0.0247064,0.27791,0,1,0,0,0,0.382683,0.92388
5,-0.0247296,0.0247005,0.28291,0,1,0,0,0,0.382683,0.92388
5,-0.0247239,0.0246945,0.28791,0,1,0,0,0,0.382683,0.92388
5,-0.0247182,0.0246885,0.29291,0,1,0,0,0,0.382683,0.92388
5,-0.0247125,0.0246825,0.29791,0,1,0,0,0,0.382683,0.92388
5,-0.0247068,0.0246766,0.30291,0,1,0,0,0,0.382683,0.92388
5,-0.0247011,0.0246706,0.30791,0,1,0,0,0,0.382683,0.92388
5,-0.0246954,0.0246646,0.31291,0,1,0,0,0,0.382683,0.92388
5,-0.0246897,0.0246586,0.31791,0,1,0,0,0,0.382683,0.92388
6,-0.0253041,-0.0253388,-0.217088,0,1,0,0,0,0.382683,0.92388
6,-0.0252984,-0.0253327,-0.212088,0,1,0,0,0,0.382683,0.92388
6,-0.0252927,-0.0253266,-0.207088,0,1,0,0,0,0.382683,0.92388
6,-0.0252871,-0.0253205,-0.202088,0,1,0,0,0,0.382683,0.92388
6,-0.0252814,-0.0253144,-0.197088,0,1,0,0,0,0.382683,0.92388
6,-0.0252757,-0.0253083,-0.192088,0,1,0,0,0,0.382683,0.92388
6,-0.02527,-0.0253022,-0.187088,0,1,0,0,0,0.382683,0.92388
6,-0.0252643,-0.0252961,-0.182088,0,1,0,0,0,0.382683,0.92388
6,-0.0252586,-0.02529,-0.177088,0,1,0,0,0,0.382683,0.92388
6,-0.0252529,-0.025284,-0.172088,0,1,0,0,0,0.382683,0.92388
6,-0.0252472,-0.0252779,-0.167088,0,1,0,0,0,0.382683,0.92388
6,-0.0252415,-0.0252718,-0.162088,0,1,0,0,0,0.382683,0.92388
6,-0.0252358,-0.0252657,-0.157088,0,1,0,0,0,0.382683,0.92388
6,-0.0252301,-0.0252596,-0.152088,0,1,0,0,0,0.382683,0.92388
6,-0.0252244,-0.0252535,-0.147088,0,1,0,0,0,0.382683,0.92388
6,-0.0252187,-0.0252474,-0.142088,0,1,0,0,0,0.382683,0.92388
6,-0.025213,-0.0252413,-0.137088,0,1,0,0,0,0.382683,0.92388
6,-0.0252073,-0.0252352,-0.132088,0,1,0,0,0,0.382683,0.92388
6,-0.0252016,-0.0252291,-0.127088,0,1,0,0,0,0.382683,0.92388
6,-0.0251959,-0.025223,-0.122088,0,1,0,0,0,0.382683,0.92388
6,-0.0251903,-0.0252169,-0.117088,0,1,0,0,0,0.382683,0.92388
6,-0.0251846,-0.0252108,-0.112088,0,1,0,0,0,0.382683,0.92388
6,-0.0251789,-0.0252047,-0.107088,0,1,0,0,0,0.382683,0.92388
6,-0.0251732,-0.0251986,-0.102088,0,1,0,0,0,0.382683,0.92388
6,-0.0251675,-0.0251925,-0.0970883,0,1,0,0,0,0.382683,0.92388
6,-0.0251618,-0.0251864,-0.0920883,0,1,0,0,0,0.382683,0.92388
6,-0.0251561,-0.0251803,-0.0870883,0,1,0,0,0,0.382683,0.92388
6,-0.0251504,-0.0251742,-0.0820883,0,1,0,0,0,0.382683,0.92388
6,-0.0251447,-0.0251681,-0.0770883,0,1,0,0,0,0.382683,0.92388
6,-0.025139,-0.025162,-0.0720883,0,1,0,0,0,0.382683,0.92388
6,-0.0251333,-0.0251559,-0.0670883,0,1,0,0,0,0.382683,0.92388
6,-0.0251276,-0.0251498,-0.0620883,0,1,0,0,0,0.382683,0.92388
6,-0.0251219,-0.0251438,-0.0570883,0,1,0,0,0,0.382683,0.92388
6,-0.0251162,-0.0251377,-0.0520883,0,1,0,0,0,0.382683,0.92388
6,-0.0251105,-0.0251316,-0.0470883,0,1,0,0,0,0.382683,0.92388
6,-0.0251048,-0.0251255,-0.0420883,0,1,0,0,0,0.382683,0.92388
6,-0.0250992,-0.0251194,-0.0370883,0,1,0,0,0,0.382683,0.92388
6,-0.0250935,-0.0251133,-0.0320884,0,1,0,0,0,0.382683,0.92388
6,-0.0250878,-0.0251072,-0.0270884,0,1,0,0,0,0.382683,0.92388
6,-0.0250821,-0.0251011,-0.0220884,0,1,0,0,0,0.382683,0.92388
6,-0.0250764,-0.025095,-0.0170884,0,1,0,0,0,0.382683,0.92388
6,-0.0250707,-0.0250889,-0.0120884,0,1,0,0,0,0.382683,0.92388
6,-0.025065,-0.0250828,-0.00708839,0,1,0,0,0,0.382683,0.92388
6,-0.0250593,-0.0250767,-0.00208839,0,1,0,0,0,0.382683,0.92388
6,-0.0250536,-0.0250706,0.0029116,0,1,0,0,0,0.382683,0.92388
6,-0.0250479,-0.0250645,0.00791159,0,1,0,0,0,0.382683,0.92388
6,-0.0250422,-0.0250584,0.0129116,0,1,0,0,0,0.382683,0.92388
6,-0.0250365,-0.0250523,0.0179116,0,1,0,0,0,0.382683,0.92388
6,-0.0250308,-0.0250462,0.0229116,0,1,0,0,0,0.382683,0.92388
6,-0.0250251,-0.0250401,0.0279116,0,1,0,0,0,0.382683,0.92388
6,-0.0250194,-0.025034,0.0329116,0,1,0,0,0,0.382683,0.92388
6,-0.0250137,-0.0250279,0.0379115,0,1,0,0,0,0.382683,0.92388
6,-0.025008,-0.0250218,0.0429115,0,1,0,0,0,0.382683,0.92388
6,-0.0250024,-0.0250157,0.0479115,0,1,0,0,0,0.382683,0.92388
6,-0.0249967,-0.0250096,0.0529115,0,1,0,0,0,0.382683,0.92388
6,-0.024991,-0.0250035,0.0579115,0,1,0,0,0,0.382683,0.92388
6,-0.0249853,-0.0249975,0.0629115,0,1,0,0,0,0.382683,0.92388
6,-0.0249796,-0.0249914,0.0679115,0,1,0,0,0,0.382683,0.92388
6,-0.0249739,-0.0249853,0.0729115,0,1,0,0,0,0.382683,0.92388
6,-0.0249682,-0.0249792,0.0779115,0,1,0,0,0,0.382683,0.92388
6,-0.0249625,-0.0249731,0.0829115,0,1,0,0,0,0.382683,0.92388
6,-0.0249568,-0.024967,0.0879115,0,1,0,0,0,0.382683,0.92388
6,-0.0249511,-0.0249609,0.0929115,0,1,0,0,0,0.382683,0.92388
6,-0.0249454,-0.0249548,0.0979115,0,1,0,0,0,0.382683,0.92388
6,-0.0249397,-0.0249487,0.102911,0,1,0,0,0,0.382683,0.92388
6,-0.024934,-0.0249426,0.107911,0,1,0,0,0,0.382683,0.92388
6,-0.0249283,-0.0249365,0.112911,0,1,0,0,0,0.382683,0.92388
6,-0.0249226,-0.0249304,0.117911,0,1,0,0,0,0.382683,0.92388
6,-0.0249169,-0.0249243,0.122911,0,1,0,0,0,0.382683,0.92388
6,-0.0249112,-0.0249182,0.127911,0,1,0,0,0,0.382683,0.92388
6,-0.0249056,-0.0249121,0.132911,0,1,0,0,0,0.382683,0.92388
6,-0.0248999,-0.024906,0.137911,0,1,0,0,0,0.382683,0.92388
6,-0.0248942,-0.0248999,0.142911,0,1,0,0,0,0.382683,0.92388
6,-0.0248885,-0.0248938,0.147911,0,1,0,0,0,0.382683,0.92388
6,-0.0248828,-0.0248877,0.152911,0,1,0,0,0,0.382683,0.92388
6,-0.0248771,-0.0248816,0.157911,0,1,0,0,0,0.382683,0.92388
6,-0.0248714,-0.0248755,0.162911,0,1,0,0,0,0.382683,0.92388
6,-0.0248657,-0.0248694,0.167911,0,1,0,0,0,0.382683,0.92388
6,-0.02486,-0.0248633,0.172911,0,1,0,0,0,0.382683,0.92388
6,-0.0248543,-0.0248573,0.177911,0,1,0,0,0,0.382683,0.92388
6,-0.0248486,-0.0248512,0.182911,0,1,0,0,0,0.382683,0.92388
6,-0.0248429,-0.0248451,0.187911,0,1,0,0,0,0.382683,0.92388
6,-0.0248372,-0.024839,0.192911,0,1,0,0,0,0.382683,0.92388
6,-0.0248315,-0.0248329,0.197911,0,1,0,0,0,0.382683,0.92388
6,-0.0248258,-0.0248268,0.202911,0,1,0,0,0,0.382683,0.92388
6,-0.0248201,-0.0248207,0.207911,0,1,0,0,0,0.382683,0.92388
6,-0.0248144,-0.0248146,0.212911,0,1,0,0,0,0.382683,0.92388
6,-0.0248088,-0.0248085,0.217911,0,1,0,0,0,0.382683,0.92388
6,-0.0248031,-0.0248024,0.222911,0,1,0,0,0,0.382683,0.92388
6,-0.0247974,-0.0247963,0.227911,0,1,0,0,0,0.382683,0.92388
6,-0.0247917,-0.0247902,0.232911,0,1,0,0,0,0.382683,0.92388
6,-0.024786,-0.0247841,0.237911,0,1,0,0,0,0.382683,0.92388
6,-0.0247803,-0.024778,0.242911,0,1,0,0,0,0.382683,0.92388
6,-0.0247746,-0.0247719,0.247911,0,1,0,0,0,0.382683,0.92388
6,-0.0247689,-0.0247658,0.252911,0,1,0,0,0,0.382683,0.92388
6,-0.0247632,-0.0247597,0.257911,0,1,0,0,0,0.382683,0.92388
6,-0.0247575,-0.0247536,0.262911,0,1,0,0,0,0.382683,0.92388
6,-0.0247518,-0.0247475,0.267911,0,1,0,0,0,0.382683,0.92388
6,-0.0247461,-0.0247414,0.272911,0,1,0,0,0,0.382683,0.92388
6,-0.0247404,-0.0247353,0.277911,0,1,0,0,0,0.382683,0.92388
6,-0.0247347,-0.0247292,0.282911,0,1,0,0,0,0.382683,0.92388
6,-0.024729,-0.0247231,0.287911,0,1,0,0,0,0.382683,0.92388
6,-0.0247233,-0.024717,0.292911,0,1,0,0,0,0.382683,0.92388
6,-0.0247177,-0.024711,0.297911,0,1,0,0,0,0.382683,0.92388
6,-0.024712,-0.0247049,0.302911,0,1,0,0,0,0.382683,0.92388
6,-0.0247063,-0.0246988,0.307911,0,1,0,0,0,0.382683,0.92388
6,-0.0247006,-0.0246927,0.312911,0,1,0,0,0,0.382683,0.92388
6,-0.0246949,-0.0246866,0.317911,0,1,0,0,0,0.382683,0.92388
7,-0.0253218,-0.24997,-0.212089,0,1,0,0,0,0.382683,0.92388
7,-0.0253161,-0.24997,-0.207089,0,1,0,0,0,0.382683,0.92388
7,-0.0253104,-0.24997,-0.202089,0,1,0,0,0,0.382683,0.92388
7,-0.0253047,-0.24997,-0.197089,0,1,0,0,0,0.382683,0.92388
7,-0.025299,-0.24997,-0.192089,0,1,0,0,0,0.382683,0.92388
7,-0.0252933,-0.24997,-0.187089,0,1,0,0,0,0.382683,0.92388
7,-0.0252877,-0.24997,-0.182089,0,1,0,0,0,0.382683,0.92388
7,-0.025282,-0.24997,-0.177089,0,1,0,0,0,0.382683,0.92388
7,-0.0252763,-0.24997,-0.172089,0,1,0,0,0,0.382683,0.92388
7,-0.0252706,-0.24997,-0.167089,0,1,0,0,0,0.382683,0.92388
7,-0.0252649,-0.24997,-0.162089,0,1,0,0,0,0.382683,0.92388
7,-0.0252592,-0.24997,-0.157089,0,1,0,0,0,0.382683,0.92388
7,-0.0252535,-0.24997,-0.152089,0,1,0,0,0,0.382683,0.92388
7,-0.0252478,-0.24997,-0.147089,0,1,0,0,0,0.382683,0.92388
7,-0.0252421,-0.24997,-0.142089,0,1,0,0,0,0.382683,0.92388
7,-0.0252364,-0.24997,-0.137089,0,1,0,0,0,0.382683,0.92388
7,-0.0252307,-0.24997,-0.132089,0,1,0,0,0,0.382683,0.92388
7,-0.025225,-0.24997,-0.127089,0,1,0,0,0,0.382683,0.92388
7,-0.0252193,-0.24997,-0.122089,0,1,0,0,0,0.382683,0.92388
7,-0.0252136,-0.24997,-0.117089,0,1,0,0,0,0.382683,0.92388
7,-0.0252079,-0.24997,-0.112089,0,1,0,0,0,0.382683,0.92388
7,-0.0252023,-0.24997,-0.107089,0,1,0,0,0,0.382683,0.92388
7,-0.0251966,-0.24997,-0.102089,0,1,0,0,0,0.382683,0.92388
7,-0.0251909,-0.24997,-0.0970892,0,1,0,0,0,0.382683,0.92388
7,-0.0251852,-0.24997,-0.0920892,0,1,0,0,0,0.382683,0.92388
7,-0.0251795,-0.24997,-0.0870892,0,1,0,0,0,0.382683,0.92388
7,-0.0251738,-0.24997,-0.0820892,0,1,0,0,0,0.382683,0.92388
7,-0.0251681,-0.24997,-0.0770892,0,1,0,0,0,0.382683,0.92388
7,-0.0251624,-0.24997,-0.0720892,0,1,0,0,0,0.382683,0.92388
7,-0.0251567,-0.24997,-0.0670892,0,1,0,0,0,0.382683,0.92388
7,-0.025151,-0.24997,-0.0620892,0,1,0,0,0,0.382683,0.92388
7,-0.0251453,-0.24997,-0.0570893,0,1,0,0,0,0.382683,0.92388
7,-0.0251396,-0.24997,-0.0520893,0,1,0,0,0,0.382683,0.92388
7,-0.0251339,-0.24997,-0.0470893,0,1,0,0,0,0.382683,0.92388
7,-0.0251282,-0.24997,-0.0420893,0,1,0,0,0,0.382683,0.92388
7,-0.0251225,-0.24997,-0.0370893,0,1,0,0,0,0.382683,0.92388
7,-0.0251169,-0.24997,-0.0320893,0,1,0,0,0,0.382683,0.92388
7,-0.0251112,-0.24997,-0.0270893,0,1,0,0,0,0.382683,0.92388
7,-0.0251055,-0.24997,-0.0220893,0,1,0,0,0,0.382683,0.92388
7,-0.0250998,-0.24997,-0.0170893,0,1,0,0,0,0.382683,0.92388
7,-0.0250941,-0.24997,-0.0120893,0,1,0,0,0,0.382683,0.92388
7,-0.0250884,-0.24997,-0.00708929,0,1,0,0,0,0.382683,0.92388
7,-0.0250827,-0.24997,-0.00208929,0,1,0,0,0,0.382683,0.92388
7,-0.025077,-0.249969,0.00291071,0,1,0,0,0,0.382683,0.92388
7,-0.0250713,-0.249969,0.0079107,0,1,0,0,0,0.382683,0.92388
7,-0.0250656,-0.249969,0.0129107,0,1,0,0,0,0.382683,0.92388
7,-0.0250599,-0.249969,0.0179107,0,1,0,0,0,0.382683,0.92388
7,-0.0250542,-0.249969,0.0229107,0,1,0,0,0,0.382683,0.92388
7,-0.0250485,-0.249969,0.0279107,0,1,0,0,0,0.382683,0.92388
7,-0.0250428,-0.249969,0.0329107,0,1,0,0,0,0.382683,0.92388
7,-0.0250371,-0.249969,0.0379107,0,1,0,0,0,0.382683,0.92388
7,-0.0250315,-0.249969,0.0429107,0,1,0,0,0,0.382683,0.92388
7,-0.0250258,-0.249969,0.0479107,0,1,0,0,0,0.382683,0.92388
7,-0.0250201,-0.249969,0.0529107,0,1,0,0,0,0.382683,0.92388
7,-0.0250144,-0.249969,0.0579107,0,1,0,0,0,0.382683,0.92388
7,-0.0250087,-0.249969,0.0629107,0,1,0,0,0,0.382683,0.92388
7,-0.025003,-0.249969,0.0679107,0,1,0,0,0,0.382683,0.92388
7,-0.0249973,-0.249969,0.0729107,0,1,0,0,0,0.382683,0.92388
7,-0.0249916,-0.249969,0.0779107,0,1,0,0,0,0.382683,0.92388
7,-0.0249859,-0.249969,0.0829107,0,1,0,0,0,0.382683,0.92388
7,-0.0249802,-0.249969,0.0879107,0,1,0,0,0,0.382683,0.92388
7,-0.0249745,-0.249969,0.0929107,0,1,0,0,0,0.382683,0.92388
7,-0.0249688,-0.249969,0.0979107,0,1,0,0,0,0.382683,0.92388
7,-0.0249631,-0.249969,0.102911,0,1,0,0,0,0.382683,0.92388
7,-0.0249574,-0.249969,0.107911,0,1,0,0,0,0.382683,0.92388
7,-0.0249517,-0.249969,0.112911,0,1,0,0,0,0.382683,0.92388
7,-0.024946,-0.249969,0.117911,0,1,0,0,0,0.382683,0.92388
7,-0.0249404,-0.249969,0.122911,0,1,0,0,0,0.382683,0.92388
7,-0.0249347,-0.249969,0.127911,0,1,0,0,0,0.382683,0.92388
7,-0.024929,-0.249969,0.132911,0,1,0,0,0,0.382683,0.92388
7,-0.0249233,-0.249969,0.137911,0,1,0,0,0,0.382683,0.92388
7,-0.0249176,-0.249969,0.142911,0,1,0,0,0,0.382683,0.92388
7,-0.0249119,-0.249969,0.147911,0,1,0,0,0,0.382683,0.92388
7,-0.0249062,-0.249969,0.152911,0,1,0,0,0,0.382683,0.92388
7,-0.0249005,-0.249969,0.157911,0,1,0,0,0,0.382683,0.92388
7,-0.0248948,-0.249969,0.162911,0,1,0,0,0,0.382683,0.92388
7,-0.0248891,-0.249969,0.167911,0,1,0,0,0,0.382683,0.92388
7,-0.0248834,-0.249969,0.172911,0,1,0,0,0,0.382683,0.92388
7,-0.0248777,-0.249969,0.177911,0,1,0,0,0,0.382683,0.92388
7,-0.024872,-0.249969,0.182911,0,1,0,0,0,0.382683,0.92388
7,-0.0248663,-0.249969,0.187911,0,1,0,0,0,0.382683,0.92388
7,-0.0248606,-0.249969,0.192911,0,1,0,0,0,0.382683,0.92388
7,-0.024855,-0.249969,0.197911,0,1,0,0,0,0.382683,0.92388
7,-0.0248493,-0.249969,0.202911,0,1,0,0,0,0.382683,0.92388
7,-0.0248436,-0.249969,0.207911,0,1,0,0,0,0.382683,0.92388
7,-0.0248379,-0.249969,0.212911,0,1,0,0,0,0.382683,0.92388
7,-0.0248322,-0.249969,0.217911,0,1,0,0,0,0.382683,0.92388
7,-0.0248265,-0.249969,0.222911,0,1,0,0,0,0.382683,0.92388
7,-0.0248208,-0.249969,0.227911,0,1,0,0,0,0.382683,0.92388
7,-0.0248151,-0.249969,0.23291,0,1,0,0,0,0.382683,0.92388
7,-0.0248094,-0.249969,0.23791,0,1,0,0,0,0.382683,0.92388
7,-0.0248037,-0.249969,0.24291,0,1,0,0,0,0.382683,0.92388
7,-0.024798,-0.249969,0.24791,0,1,0,0,0,0.382683,0.92388
7,-0.0247923,-0.249969,0.25291,0,1,0,0,0,0.382683,0.92388
7,-0.0247866,-0.249969,0.25791,0,1,0,0,0,0.382683,0.92388
7,-0.0247809,-0.249968,0.26291,0,1,0,0,0,0.382683,0.92388
7,-0.0247752,-0.249968,0.26791,0,1,0,0,0,0.382683,0.92388
7,-0.0247696,-0.249968,0.27291,0,1,0,0,0,0.382683,0.92388
7,-0.0247639,-0.249968,0.27791,0,1,0,0,0,0.382683,0.92388
7,-0.0247582,-0.249968,0.28291,0,1,0,0,0,0.382683,0.92388
7,-0.0247525,-0.249968,0.28791,0,1,0,0,0,0.382683,0.92388
7,-0.0247468,-0.249968,0.29291,0,1,0,0,0,0.382683,0.92388
7,-0.0247411,-0.249968,0.29791,0,1,0,0,0,0.382683,0.92388
7,-0.0247354,-0.249968,0.30291,0,1,0,0,0,0.382683,0.92388
7,-0.0247297,-0.249968,0.30791,0,1,0,0,0,0.382683,0.92388
7,-0.024724,-0.249968,0.31291,0,1,0,0,0,0.382683,0.92388
8,-0.0252698,0.249983,-0.212089,0,1,0,0,0,0.382683,0.92388
8,-0.0252641,0.249984,-0.207089,0,1,0,0,0,0.382683,0.92388
8,-0.0252584,0.249984,-0.202089,0,1,0,0,0,0.382683,0.92388
8,-0.0252527,0.249985,-0.197089,0,1,0,0,0,0.382683,0.92388
8,-0.025247,0.249985,-0.192089,0,1,0,0,0,0.382683,0.92388
8,-0.0252413,0.249986,-0.187089,0,1,0,0,0,0.382683,0.92388
8,-0.0252356,0.249986,-0.182089,0,1,0,0,0,0.382683,0.92388
8,-0.0252299,0.249987,-0.177089,0,1,0,0,0,0.382683,0.92388
8,-0.0252242,0.249988,-0.172089,0,1,0,0,0,0.382683,0.92388
8,-0.0252186,0.249988,-0.167089,0,1,0,0,0,0.382683,0.92388
8,-0.0252129,0.249989,-0.162089,0,1,0,0,0,0.382683,0.92388
8,-0.0252072,0.249989,-0.157089,0,1,0,0,0,0.382683,0.92388
8,-0.0252015,0.24999,-0.152089,0,1,0,0,0,0.382683,0.92388
8,-0.0251958,0.24999,-0.147089,0,1,0,0,0,0.382683,0.92388
8,-0.0251901,0.249991,-0.142089,0,1,0,0,0,0.382683,0.92388
8,-0.0251844,0.249991,-0.137089,0,1,0,0,0,0.382683,0.92388
8,-0.0251787,0.249992,-0.132089,0,1,0,0,0,0.382683,0.92388
8,-0.025173,0.249992,-0.127089,0,1,0,0,0,0.382683,0.92388
8,-0.0251673,0.249993,-0.122089,0,1,0,0,0,0.382683,0.92388
8,-0.0251616,0.249993,-0.117089,0,1,0,0,0,0.382683,0.92388
8,-0.0251559,0.249994,-0.112089,0,1,0,0,0,0.382683,0.92388
8,-0.0251502,0.249994,-0.107089,0,1,0,0,0,0.382683,0.92388
8,-0.0251445,0.249995,-0.102089,0,1,0,0,0,0.382683,0.92388
8,-0.0251388,0.249995,-0.0970892,0,1,0,0,0,0.382683,0.92388
8,-0.0251332,0.249996,-0.0920892,0,1,0,0,0,0.382683,0.92388
8,-0.0251275,0.249996,-0.0870892,0,1,0,0,0,0.382683,0.92388
8,-0.0251218,0.249997,-0.0820892,0,1,0,0,0,0.382683,0.92388
8,-0.0251161,0.249997,-0.0770892,0,1,0,0,0,0.382683,0.92388
8,-0.0251104,0.249998,-0.0720892,0,1,0,0,0,0.382683,0.92388
8,-0.0251047,0.249998,-0.0670892,0,1,0,0,0,0.382683,0.92388
8,-0.025099,0.249999,-0.0620892,0,1,0,0,0,0.382683,0.92388
8,-0.0250933,0.249999,-0.0570893,0,1,0,0,0,0.382683,0.92388
8,-0.0250876,0.25,-0.0520893,0,1,0,0,0,0.382683,0.92388
8,-0.0250819,0.25,-0.0470893,0,1,0,0,0,0.382683,0.92388
8,-0.0250762,0.250001,-0.0420893,0,1,0,0,0,0.382683,0.92388
8,-0.0250705,0.250001,-0.0370893,0,1,0,0,0,0.382683,0.92388
8,-0.0250648,0.250002,-0.0320893,0,1,0,0,0,0.382683,0.92388
8,-0.0250591,0.250002,-0.0270893,0,1,0,0,0,0.382683,0.92388
8,-0.0250534,0.250003,-0.0220893,0,1,0,0,0,0.382683,0.92388
8,-0.0250478,0.250003,-0.0170893,0,1,0,0,0,0.382683,0.92388
8,-0.0250421,0.250004,-0.0120893,0,1,0,0,0,0.382683,0.92388
8,-0.0250364,0.250004,-0.00708929,0,1,0,0,0,0.382683,0.92388
8,-0.0250307,0.250005,-0.00208929,0,1,0,0,0,0.382683,0.92388
8,-0.025025,0.250005,0.00291071,0,1,0,0,0,0.382683,0.92388
8,-0.0250193,0.250006,0.0079107,0,1,0,0,0,0.382683,0.92388
8,-0.0250136,0.250006,0.0129107,0,1,0,0,0,0.382683,0.92388
8,-0.0250079,0.250007,0.0179107,0,1,0,0,0,0.382683,0.92388
8,-0.0250022,0.250008,0.0229107,0,1,0,0,0,0.382683,0.92388
8,-0.0249965,0.250008,0.0279107,0,1,0,0,0,0.382683,0.92388
8,-0.0249908,0.250009,0.0329107,0,1,0,0,0,0.382683,0.92388
8,-0.0249851,0.250009,0.0379107,0,1,0,0,0,0.382683,0.92388
8,-0.0249794,0.25001,0.0429107,0,1,0,0,0,0.382683,0.92388
8,-0.0249737,0.25001,0.0479107,0,1,0,0,0,0.382683,0.92388
8,-0.024968,0.250011,0.0529107,0,1,0,0,0,0.382683,0.92388
8,-0.0249623,0.250011,0.0579107,0,1,0,0,0,0.382683,0.92388
8,-0.0249567,0.250012,0.0629107,0,1,0,0,0,0.382683,0.92388
8,-0.024951,0.250012,0.0679107,0,1,0,0,0,0.382683,0.92388
8,-0.0249453,0.250013,0.0729107,0,1,0,0,0,0.382683,0.92388
8,-0.0249396,0.250013,0.0779107,0,1,0,0,0,0.382683,0.92388
8,-0.0249339,0.250014,0.0829107,0,1,0,0,0,0.382683,0.92388
8,-0.0249282,0.250014,0.0879107,0,1,0,0,0,0.382683,0.92388
8,-0.0249225,0.250015,0.0929107,0,1,0,0,0,0.382683,0.92388
8,-0.0249168,0.250015,0.0979107,0,1,0,0,0,0.382683,0.92388
8,-0.0249111,0.250016,0.102911,0,1,0,0,0,0.382683,0.92388
8,-0.0249054,0.250016,0.107911,0,1,0,0,0,0.382683,0.92388
8,-0.0248997,0.250017,0.112911,0,1,0,0,0,0.382683,0.92388
8,-0.024894,0.250017,0.117911,0,1,0,0,0,0.382683,0.92388
8,-0.0248883,0.250018,0.122911,0,1,0,0,0,0.382683,0.92388
8,-0.0248826,0.250018,0.127911,0,1,0,0,0,0.382683,0.92388
8,-0.0248769,0.250019,0.132911,0,1,0,0,0,0.382683,0.92388
8,-0.0248713,0.250019,0.137911,0,1,0,0,0,0.382683,0.92388
8,-0.0248656,0.25002,0.142911,0,1,0,0,0,0.382683,0.92388
8,-0.0248599,0.25002,0.147911,0,1,0,0,0,0.382683,0.92388
8,-0.0248542,0.250021,0.152911,0,1,0,0,0,0.382683,0.92388
8,-0.0248485,0.250021,0.157911,0,1,0,0,0,0.382683,0.92388
8,-0.0248428,0.250022,0.162911,0,1,0,0,0,0.382683,0.92388
8,-0.0248371,0.250022,0.167911,0,1,0,0,0,0.382683,0.92388
8,-0.0248314,0.250023,0.172911,0,1,0,0,0,0.382683,0.92388
8,-0.0248257,0.250023,0.177911,0,1,0,0,0,0.382683,0.92388
8,-0.02482,0.250024,0.182911,0,1,0,0,0,0.382683,0.92388
8,-0.0248143,0.250024,0.187911,0,1,0,0,0,0.382683,0.92388
8,-0.0248086,0.250025,0.192911,0,1,0,0,0,0.382683,0.92388
8,-0.0248029,0.250026,0.197911,0,1,0,0,0,0.382683,0.92388
8,-0.0247972,0.250026,0.202911,0,1,0,0,0,0.382683,0.92388
8,-0.0247915,0.250027,0.207911,0,1,0,0,0,0.382683,0.92388
8,-0.0247859,0.250027,0.212911,0,1,0,0,0,0.382683,0.92388
8,-0.0247802,0.250028,0.217911,0,1,0,0,0,0.382683,0.92388
8,-0.0247745,0.250028,0.222911,0,1,0,0,0,0.382683,0.92388
8,-0.0247688,0.250029,0.227911,0,1,0,0,0,0.382683,0.92388
8,-0.0247631,0.250029,0.23291,0,1,0,0,0,0.382683,0.92388
8,-0.0247574,0.25003,0.23791,0,1,0,0,0,0.382683,0.92388
8,-0.0247517,0.25003,0.24291,0,1,0,0,0,0.382683,0.92388
8,-0.024746,0.250031,0.24791,0,1,0,0,0,0.382683,0.92388
8,-0.0247403,0.250031,0.25291,0,1,0,0,0,0.382683,0.92388
8,-0.0247346,0.250032,0.25791,0,1,0,0,0,0.382683,0.92388
8,-0.0247289,0.250032,0.26291,0,1,0,0,0,0.382683,0.92388
8,-0.0247232,0.250033,0.26791,0,1,0,0,0,0.382683,0.92388
8,-0.0247175,0.250033,0.27291,0,1,0,0,0,0.382683,0.92388
8,-0.0247118,0.250034,0.27791,0,1,0,0,0,0.382683,0.92388
8,-0.0247061,0.250034,0.28291,0,1,0,0,0,0.382683,0.92388
8,-0.0247005,0.250035,0.28791,0,1,0,0,0,0.382683,0.92388
8,-0.0246948,0.250035,0.29291,0,1,0,0,0,0.382683,0.92388
8,-0.0246891,0.250036,0.29791,0,1,0,0,0,0.382683,0.92388
8,-0.0246834,0.250036,0.30291,0,1,0,0,0,0.382683,0.92388
8,-0.0246777,0.250037,0.30791,0,1,0,0,0,0.382683,0.92388
8,-0.024672,0.250037,0.31291,0,1,0,0,0,0.382683,0.92388
9,0.249903,0.025137,-0.212634,0,1,0,0,0,0.382683,0.92388
9,0.249904,0.025131,-0.207634,0,1,0,0,0,0.382683,0.92388
9,0.249905,0.0251251,-0.202634,0,1,0,0,0,0.382683,0.92388
9,0.249906,0.0251191,-0.197634,0,1,0,0,0,0.382683,0.92388
9,0.249908,0.0251131,-0.192634,0,1,0,0,0,0.382683,0.92388
9,0.249909,0.0251072,-0.187634,0,1,0,0,0,0.382683,0.92388
9,0.24991,0.0251012,-0.182634,0,1,0,0,0,0.382683,0.92388
9,0.249912,0.0250952,-0.177634,0,1,0,0,0,0.382683,0.92388
9,0.249913,0.0250892,-0.172634,0,1,0,0,0,0.382683,0.92388
9,0.249914,0.0250833,-0.167634,0,1,0,0,0,0.382683,0.92388
9,0.249915,0.0250773,-0.162634,0,1,0,0,0,0.382683,0.92388
9,0.249917,0.0250713,-0.157634,0,1,0,0,0,0.382683,0.92388
9,0.249918,0.0250653,-0.152634,0,1,0,0,0,0.382683,0.92388
9,0.249919,0.0250594,-0.147634,0,1,0,0,0,0.382683,0.92388
9,0.24992,0.0250534,-0.142634,0,1,0,0,0,0.382683,0.92388
9,0.249922,0.0250474,-0.137634,0,1,0,0,0,0.382683,0.92388
9,0.249923,0.0250415,-0.132634,0,1,0,0,0,0.382683,0.92388
9,0.249924,0.0250355,-0.127634,0,1,0,0,0,0.382683,0.92388
9,0.249925,0.0250295,-0.122634,0,1,0,0,0,0.382683,0.92388
9,0.249927,0.0250235,-0.117634,0,1,0,0,0,0.382683,0.92388
9,0.249928,0.0250176,-0.112634,0,1,0,0,0,0.382683,0.92388
9,0.249929,0.0250116,-0.107634,0,1,0,0,0,0.382683,0.92388
9,0.24993,0.0250056,-0.102634,0,1,0,0,0,0.382683,0.92388
9,0.249932,0.0249996,-0.0976344,0,1,0,0,0,0.382683,0.92388
9,0.249933,0.0249937,-0.0926344,0,1,0,0,0,0.382683,0.92388
9,0.249934,0.0249877,-0.0876344,0,1,0,0,0,0.382683,0.92388
9,0.249936,0.0249817,-0.0826344,0,1,0,0,0,0.382683,0.92388
9,0.249937,0.0249758,-0.0776344,0,1,0,0,0,0.382683,0.92388
9,0.249938,0.0249698,-0.0726344,0,1,0,0,0,0.382683,0.92388
9,0.249939,0.0249638,-0.0676344,0,1,0,0,0,0.382683,0.92388
9,0.249941,0.0249578,-0.0626344,0,1,0,0,0,0.382683,0.92388
9,0.249942,0.0249519,-0.0576345,0,1,0,0,0,0.382683,0.92388
9,0.249943,0.0249459,-0.0526345,0,1,0,0,0,0.382683,0.92388
9,0.249944,0.0249399,-0.0476345,0,1,0,0,0,0.382683,0.92388
9,0.249946,0.0249339,-0.0426345,0,1,0,0,0,0.382683,0.92388
9,0.249947,0.024928,-0.0376345,0,1,0,0,0,0.382683,0.92388
9,0.249948,0.024922,-0.0326345,0,1,0,0,0,0.382683,0.92388
9,0.249949,0.024916,-0.0276345,0,1,0,0,0,0.382683,0.92388
9,0.249951,0.0249101,-0.0226345,0,1,0,0,0,0.382683,0.92388
9,0.249952,0.0249041,-0.0176345,0,1,0,0,0,0.382683,0.92388
9,0.249953,0.0248981,-0.0126345,0,1,0,0,0,0.382683,0.92388
9,0.249954,0.0248921,-0.00763449,0,1,0,0,0,0.382683,0.92388
9,0.249956,0.0248862,-0.0026345,0,1,0,0,0,0.382683,0.92388
9,0.249957,0.0248802,0.0023655,0,1,0,0,0,0.382683,0.92388
9,0.249958,0.0248742,0.00736549,0,1,0,0,0,0.382683,0.92388
9,0.249959,0.0248682,0.0123655,0,1,0,0,0,0.382683,0.92388
9,0.249961,0.0248623,0.0173655,0,1,0,0,0,0.382683,0.92388
9,0.249962,0.0248563,0.0223655,0,1,0,0,0,0.382683,0.92388
9,0.249963,0.0248503,0.0273655,0,1,0,0,0,0.382683,0.92388
9,0.249965,0.0248444,0.0323655,0,1,0,0,0,0.382683,0.92388
9,0.249966,0.0248384,0.0373655,0,1,0,0,0,0.382683,0.92388
9,0.249967,0.0248324,0.0423655,0,1,0,0,0,0.382683,0.92388
9,0.249968,0.0248264,0.0473655,0,1,0,0,0,0.382683,0.92388
9,0.24997,0.0248205,0.0523655,0,1,0,0,0,0.382683,0.92388
9,0.249971,0.0248145,0.0573655,0,1,0,0,0,0.382683,0.92388
9,0.249972,0.0248085,0.0623654,0,1,0,0,0,0.382683,0.92388
9,0.249973,0.0248025,0.0673654,0,1,0,0,0,0.382683,0.92388
9,0.249975,0.0247966,0.0723654,0,1,0,0,0,0.382683,0.92388
9,0.249976,0.0247906,0.0773654,0,1,0,0,0,0.382683,0.92388
9,0.249977,0.0247846,0.0823654,0,1,0,0,0,0.382683,0.92388
9,0.249978,0.0247787,0.0873654,0,1,0,0,0,0.382683,0.92388
9,0.24998,0.0247727,0.0923654,0,1,0,0,0,0.382683,0.92388
9,0.249981,0.0247667,0.0973654,0,1,0,0,0,0.382683,0.92388
9,0.249982,0.0247607,0.102365,0,1,0,0,0,0.382683,0.92388
9,0.249983,0.0247548,0.107365,0,1,0,0,0,0.382683,0.92388
9,0.249985,0.0247488,0.112365,0,1,0,0,0,0.382683,0.92388
9,0.249986,0.0247428,0.117365,0,1,0,0,0,0.382683,0.92388
9,0.249987,0.0247368,0.122365,0,1,0,0,0,0.382683,0.92388
9,0.249988,0.0247309,0.127365,0,1,0,0,0,0.382683,0.92388
9,0.24999,0.0247249,0.132365,0,1,0,0,0,0.382683,0.92388
9,0.249991,0.0247189,0.137365,0,1,0,0,0,0.382683,0.92388
9,0.249992,0.024713,0.142365,0,1,0,0,0,0.382683,0.92388
9,0.249994,0.024707,0.147365,0,1,0,0,0,0.382683,0.92388
9,0.249995,0.024701,0.152365,0,1,0,0,0,0.382683,0.92388
9,0.249996,0.024695,0.157365,0,1,0,0,0,0.382683,0.92388
9,0.249997,0.0246891,0.162365,0,1,0,0,0,0.382683,0.92388
9,0.249999,0.0246831,0.167365,0,1,0,0,0,0.382683,0.92388
9,0.25,0.0246771,0.172365,0,1,0,0,0,0.382683,0.92388
9,0.250001,0.0246711,0.177365,0,1,0,0,0,0.382683,0.92388
9,0.250002,0.0246652,0.182365,0,1,0,0,0,0.382683,0.92388
9,0.250004,0.0246592,0.187365,0,1,0,0,0,0.382683,0.92388
9,0.250005,0.0246532,0.192365,0,1,0,0,0,0.382683,0.92388
9,0.250006,0.0246473,0.197365,0,1,0,0,0,0.382683,0.92388
9,0.250007,0.0246413,0.202365,0,1,0,0,0,0.382683,0.92388
9,0.250009,0.0246353,0.207365,0,1,0,0,0,0.382683,0.92388
9,0.25001,0.0246293,0.212365,0,1,0,0,0,0.382683,0.92388
9,0.250011,0.0246234,0.217365,0,1,0,0,0,0.382683,0.92388
9,0.250012,0.0246174,0.222365,0,1,0,0,0,0.382683,0.92388
9,0.250014,0.0246114,0.227365,0,1,0,0,0,0.382683,0.92388
9,0.250015,0.0246054,0.232365,0,1,0,0,0,0.382683,0.92388
9,0.250016,0.0245995,0.237365,0,1,0,0,0,0.382683,0.92388
9,0.250017,0.0245935,0.242365,0,1,0,0,0,0.382683,0.92388
9,0.250019,0.0245875,0.247365,0,1,0,0,0,0.382683,0.92388
9,0.25002,0.0245816,0.252365,0,1,0,0,0,0.382683,0.92388
9,0.250021,0.0245756,0.257365,0,1,0,0,0,0.382683,0.92388
9,0.250023,0.0245696,0.262365,0,1,0,0,0,0.382683,0.92388
9,0.250024,0.0245636,0.267365,0,1,0,0,0,0.382683,0.92388
9,0.250025,0.0245577,0.272365,0,1,0,0,0,0.382683,0.92388
9,0.250026,0.0245517,0.277365,0,1,0,0,0,0.382683,0.92388
9,0.250028,0.0245457,0.282365,0,1,0,0,0,0.382683,0.92388
9,0.250029,0.0245397,0.287365,0,1,0,0,0,0.382683,0.92388
9,0.25003,0.0245338,0.292365,0,1,0,0,0,0.382683,0.92388
9,0.250031,0.0245278,0.297365,0,1,0,0,0,0.382683,0.92388
9,0.250033,0.0245218,0.302365,0,1,0,0,0,0.382683,0.92388
9,0.250034,0.0245159,0.307365,0,1,0,0,0,0.382683,0.92388
9,0.250035,0.0245099,0.312365,0,1,0,0,0,0.382683,0.92388
10,-0.249914,0.0254197,-0.212634,0,1,0,0,0,0.382683,0.92388
10,-0.249915,0.0254137,-0.207634,0,1,0,0,0,0.382683,0.92388
10,-0.249916,0.0254077,-0.202634,0,1,0,0,0,0.382683,0.92388
10,-0.249917,0.0254018,-0.197634,0,1,0,0,0,0.382683,0.92388
10,-0.249918,0.0253958,-0.192634,0,1,0,0,0,0.382683,0.92388
10,-0.249918,0.0253898,-0.187634,0,1,0,0,0,0.382683,0.92388
10,-0.249919,0.0253839,-0.182634,0,1,0,0,0,0.382683,0.92388
10,-0.24992,0.0253779,-0.177634,0,1,0,0,0,0.382683,0.92388
10,-0.249921,0.0253719,-0.172634,0,1,0,0,0,0.382683,0.92388
10,-0.249921,0.0253659,-0.167634,0,1,0,0,0,0.382683,0.92388
10,-0.249922,0.02536,-0.162634,0,1,0,0,0,0.382683,0.92388
10,-0.249923,0.025354,-0.157634,0,1,0,0,0,0.382683,0.92388
10,-0.249924,0.025348,-0.152634,0,1,0,0,0,0.382683,0.92388
10,-0.249925,0.0253421,-0.147634,0,1,0,0,0,0.382683,0.92388
10,-0.249925,0.0253361,-0.142634,0,1,0,0,0,0.382683,0.92388
10,-0.249926,0.0253301,-0.137634,0,1,0,0,0,0.382683,0.92388
10,-0.249927,0.0253241,-0.132634,0,1,0,0,0,0.382683,0.92388
10,-0.249928,0.0253182,-0.127634,0,1,0,0,0,0.382683,0.92388
10,-0.249929,0.0253122,-0.122634,0,1,0,0,0,0.382683,0.92388
10,-0.249929,0.0253062,-0.117634,0,1,0,0,0,0.382683,0.92388
10,-0.24993,0.0253003,-0.112634,0,1,0,0,0,0.382683,0.92388
10,-0.249931,0.0252943,-0.107634,0,1,0,0,0,0.382683,0.92388
10,-0.249932,0.0252883,-0.102634,0,1,0,0,0,0.382683,0.92388
10,-0.249932,0.0252823,-0.0976344,0,1,0,0,0,0.382683,0.92388
10,-0.249933,0.0252764,-0.0926344,0,1,0,0,0,0.382683,0.92388
10,-0.249934,0.0252704,-0.0876344,0,1,0,0,0,0.382683,0.92388
10,-0.249935,0.0252644,-0.0826344,0,1,0,0,0,0.382683,0.92388
10,-0.249936,0.0252585,-0.0776344,0,1,0,0,0,0.382683,0.92388
10,-0.249936,0.0252525,-0.0726345,0,1,0,0,0,0.382683,0.92388
10,-0.249937,0.0252465,-0.0676344,0,1,0,0,0,0.382683,0.92388
10,-0.249938,0.0252405,-0.0626344,0,1,0,0,0,0.382683,0.92388
10,-0.249939,0.0252346,-0.0576345,0,1,0,0,0,0.382683,0.92388
10,-0.249939,0.0252286,-0.0526345,0,1,0,0,0,0.382683,0.92388
10,-0.24994,0.0252226,-0.0476345,0,1,0,0,0,0.382683,0.92388
10,-0.249941,0.0252167,-0.0426345,0,1,0,0,0,0.382683,0.92388
10,-0.249942,0.0252107,-0.0376345,0,1,0,0,0,0.382683,0.92388
10,-0.249943,0.0252047,-0.0326345,0,1,0,0,0,0.382683,0.92388
10,-0.249943,0.0251987,-0.0276345,0,1,0,0,0,0.382683,0.92388
10,-0.249944,0.0251928,-0.0226345,0,1,0,0,0,0.382683,0.92388
10,-0.249945,0.0251868,-0.0176345,0,1,0,0,0,0.382683,0.92388
10,-0.249946,0.0251808,-0.0126345,0,1,0,0,0,0.382683,0.92388
10,-0.249946,0.0251749,-0.00763449,0,1,0,0,0,0.382683,0.92388
10,-0.249947,0.0251689,-0.0026345,0,1,0,0,0,0.382683,0.92388
10,-0.249948,0.0251629,0.0023655,0,1,0,0,0,0.382683,0.92388
10,-0.249949,0.0251569,0.00736549,0,1,0,0,0,0.382683,0.92388
10,-0.24995,0.025151,0.0123655,0,1,0,0,0,0.382683,0.92388
10,-0.24995,0.025145,0.0173655,0,1,0,0,0,0.382683,0.92388
10,-0.249951,0.025139,0.0223655,0,1,0,0,0,0.382683,0.92388
10,-0.249952,0.0251331,0.0273655,0,1,0,0,0,0.382683,0.92388
10,-0.249953,0.0251271,0.0323655,0,1,0,0,0,0.382683,0.92388
10,-0.249953,0.0251211,0.0373655,0,1,0,0,0,0.382683,0.92388
10,-0.249954,0.0251151,0.0423655,0,1,0,0,0,0.382683,0.92388
10,-0.249955,0.0251092,0.0473655,0,1,0,0,0,0.382683,0.92388
10,-0.249956,0.0251032,0.0523655,0,1,0,0,0,0.382683,0.92388
10,-0.249957,0.0250972,0.0573655,0,1,0,0,0,0.382683,0.92388
10,-0.249957,0.0250913,0.0623654,0,1,0,0,0,0.382683,0.92388
10,-0.249958,0.0250853,0.0673654,0,1,0,0,0,0.382683,0.92388
10,-0.249959,0.0250793,0.0723654,0,1,0,0,0,0.382683,0.92388
10,-0.24996,0.0250733,0.0773654,0,1,0,0,0,0.382683,0.92388
10,-0.24996,0.0250674,0.0823654,0,1,0,0,0,0.382683,0.92388
10,-0.249961,0.0250614,0.0873654,0,1,0,0,0,0.382683,0.92388
10,-0.249962,0.0250554,0.0923654,0,1,0,0,0,0.382683,0.92388
10,-0.249963,0.0250495,0.0973654,0,1,0,0,0,0.382683,0.92388
10,-0.249964,0.0250435,0.102365,0,1,0,0,0,0.382683,0.92388
10,-0.249964,0.0250375,0.107365,0,1,0,0,0,0.382683,0.92388
10,-0.249965,0.0250315,0.112365,0,1,0,0,0,0.382683,0.92388
10,-0.249966,0.0250256,0.117365,0,1,0,0,0,0.382683,0.92388
10,-0.249967,0.0250196,0.122365,0,1,0,0,0,0.382683,0.92388
10,-0.249967,0.0250136,0.127365,0,1,0,0,0,0.382683,0.92388
10,-0.249968,0.0250077,0.132365,0,1,0,0,0,0.382683,0.92388
10,-0.249969,0.0250017,0.137365,0,1,0,0,0,0.382683,0.92388
10,-0.24997,0.0249957,0.142365,0,1,0,0,0,0.382683,0.92388
10,-0.249971,0.0249897,0.147365,0,1,0,0,0,0.382683,0.92388
10,-0.249971,0.0249838,0.152365,0,1,0,0,0,0.382683,0.92388
10,-0.249972,0.0249778,0.157365,0,1,0,0,0,0.382683,0.92388
10,-0.249973,0.0249718,0.162365,0,1,0,0,0,0.382683,0.92388
10,-0.249974,0.0249659,0.167365,0,1,0,0,0,0.382683,0.92388
10,-0.249974,0.0249599,0.172365,0,1,0,0,0,0.382683,0.92388
10,-0.249975,0.0249539,0.177365,0,1,0,0,0,0.382683,0.92388
10,-0.249976,0.0249479,0.182365,0,1,0,0,0,0.382683,0.92388
10,-0.249977,0.024942,0.187365,0,1,0,0,0,0.382683,0.92388
10,-0.249978,0.024936,0.192365,0,1,0,0,0,0.382683,0.92388
10,-0.249978,0.02493,0.197365,0,1,0,0,0,0.382683,0.92388
10,-0.249979,0.0249241,0.202365,0,1,0,0,0,0.382683,0.92388
10,-0.24998,0.0249181,0.207365,0,1,0,0,0,0.382683,0.92388
10,-0.249981,0.0249121,0.212365,0,1,0,0,0,0.382683,0.92388
10,-0.249981,0.0249061,0.217365,0,1,0,0,0,0.382683,0.92388
10,-0.249982,0.0249002,0.222365,0,1,0,0,0,0.382683,0.92388
10,-0.249983,0.0248942,0.227365,0,1,0,0,0,0.382683,0.92388
10,-0.249984,0.0248882,0.232365,0,1,0,0,0,0.382683,0.92388
10,-0.249985,0.0248823,0.237365,0,1,0,0,0,0.382683,0.92388
10,-0.249985,0.0248763,0.242365,0,1,0,0,0,0.382683,0.92388
10,-0.249986,0.0248703,0.247365,0,1,0,0,0,0.382683,0.92388
10,-0.249987,0.0248643,0.252365,0,1,0,0,0,0.382683,0.92388
10,-0.249988,0.0248584,0.257365,0,1,0,0,0,0.382683,0.92388
10,-0.249988,0.0248524,0.262365,0,1,0,0,0,0.382683,0.92388
10,-0.249989,0.0248464,0.267365,0,1,0,0,0,0.382683,0.92388
10,-0.24999,0.0248405,0.272365,0,1,0,0,0,0.382683,0.92388
10,-0.249991,0.0248345,0.277365,0,1,0,0,0,0.382683,0.92388
10,-0.249992,0.0248285,0.282365,0,1,0,0,0,0.382683,0.92388
10,-0.249992,0.0248225,0.287365,0,1,0,0,0,0.382683,0.92388
10,-0.249993,0.0248166,0.292365,0,1,0,0,0,0.382683,0.92388
10,-0.249994,0.0248106,0.297365,0,1,0,0,0,0.382683,0.92388
10,-0.249995,0.0248046,0.302365,0,1,0,0,0,0.382683,0.92388
10,-0.249995,0.0247987,0.307365,0,1,0,0,0,0.382683,0.92388
10,-0.249996,0.0247927,0.312365,0,1,0,0,0,0.382683,0.92388
11,0.249902,-0.0251061,-0.212911,0,1,0,0,0,0.382683,0.92388
11,0.249903,-0.0251,-0.207911,0,1,0,0,0,0.382683,0.92388
11,0.249904,-0.0250939,-0.202911,0,1,0,0,0,0.382683,0.92388
11,0.249906,-0.0250878,-0.197911,0,1,0,0,0,0.382683,0.92388
11,0.249907,-0.0250817,-0.192911,0,1,0,0,0,0.382683,0.92388
11,0.249908,-0.0250756,-0.187911,0,1,0,0,0,0.382683,0.92388
11,0.24991,-0.0250695,-0.182911,0,1,0,0,0,0.382683,0.92388
11,0.249911,-0.0250634,-0.177911,0,1,0,0,0,0.382683,0.92388
11,0.249912,-0.0250573,-0.172911,0,1,0,0,0,0.382683,0.92388
11,0.249913,-0.0250513,-0.167911,0,1,0,0,0,0.382683,0.92388
11,0.249915,-0.0250452,-0.162911,0,1,0,0,0,0.382683,0.92388
11,0.249916,-0.0250391,-0.157911,0,1,0,0,0,0.382683,0.92388
11,0.249917,-0.025033,-0.152911,0,1,0,0,0,0.382683,0.92388
11,0.249918,-0.0250269,-0.147911,0,1,0,0,0,0.382683,0.92388
11,0.24992,-0.0250208,-0.142912,0,1,0,0,0,0.382683,0.92388
11,0.249921,-0.0250147,-0.137912,0,1,0,0,0,0.382683,0.92388
11,0.249922,-0.0250086,-0.132912,0,1,0,0,0,0.382683,0.92388
11,0.249923,-0.0250025,-0.127912,0,1,0,0,0,0.382683,0.92388
11,0.249925,-0.0249964,-0.122912,0,1,0,0,0,0.382683,0.92388
11,0.249926,-0.0249903,-0.117912,0,1,0,0,0,0.382683,0.92388
11,0.249927,-0.0249842,-0.112912,0,1,0,0,0,0.382683,0.92388
11,0.249928,-0.0249782,-0.107912,0,1,0,0,0,0.382683,0.92388
11,0.24993,-0.0249721,-0.102912,0,1,0,0,0,0.382683,0.92388
11,0.249931,-0.024966,-0.0979115,0,1,0,0,0,0.382683,0.92388
11,0.249932,-0.0249599,-0.0929115,0,1,0,0,0,0.382683,0.92388
11,0.249933,-0.0249538,-0.0879115,0,1,0,0,0,0.382683,0.92388
11,0.249935,-0.0249477,-0.0829115,0,1,0,0,0,0.382683,0.92388
11,0.249936,-0.0249416,-0.0779115,0,1,0,0,0,0.382683,0.92388
11,0.249937,-0.0249355,-0.0729115,0,1,0,0,0,0.382683,0.92388
11,0.249939,-0.0249294,-0.0679115,0,1,0,0,0,0.382683,0.92388
11,0.24994,-0.0249233,-0.0629115,0,1,0,0,0,0.382683,0.92388
11,0.249941,-0.0249172,-0.0579115,0,1,0,0,0,0.382683,0.92388
11,0.249942,-0.0249111,-0.0529116,0,1,0,0,0,0.382683,0.92388
11,0.249944,-0.024905,-0.0479116,0,1,0,0,0,0.382683,0.92388
11,0.249945,-0.024899,-0.0429116,0,1,0,0,0,0.382683,0.92388
11,0.249946,-0.0248929,-0.0379116,0,1,0,0,0,0.382683,0.92388
11,0.249947,-0.0248868,-0.0329116,0,1,0,0,0,0.382683,0.92388
11,0.249949,-0.0248807,-0.0279116,0,1,0,0,0,0.382683,0.92388
11,0.24995,-0.0248746,-0.0229116,0,1,0,0,0,0.382683,0.92388
11,0.249951,-0.0248685,-0.0179116,0,1,0,0,0,0.382683,0.92388
11,0.249952,-0.0248624,-0.0129116,0,1,0,0,0,0.382683,0.92388
11,0.249954,-0.0248563,-0.0079116,0,1,0,0,0,0.382683,0.92388
11,0.249955,-0.0248502,-0.0029116,0,1,0,0,0,0.382683,0.92388
11,0.249956,-0.0248441,0.0020884,0,1,0,0,0,0.382683,0.92388
11,0.249957,-0.024838,0.00708839,0,1,0,0,0,0.382683,0.92388
11,0.249959,-0.0248319,0.0120884,0,1,0,0,0,0.382683,0.92388
11,0.24996,-0.0248259,0.0170884,0,1,0,0,0,0.382683,0.92388
11,0.249961,-0.0248198,0.0220884,0,1,0,0,0,0.382683,0.92388
11,0.249963,-0.0248137,0.0270884,0,1,0,0,0,0.382683,0.92388
11,0.249964,-0.0248076,0.0320884,0,1,0,0,0,0.382683,0.92388
11,0.249965,-0.0248015,0.0370884,0,1,0,0,0,0.382683,0.92388
11,0.249966,-0.0247954,0.0420884,0,1,0,0,0,0.382683,0.92388
11,0.249968,-0.0247893,0.0470884,0,1,0,0,0,0.382683,0.92388
11,0.249969,-0.0247832,0.0520884,0,1,0,0,0,0.382683,0.92388
11,0.24997,-0.0247771,0.0570883,0,1,0,0,0,0.382683,0.92388
11,0.249971,-0.024771,0.0620883,0,1,0,0,0,0.382683,0.92388
11,0.249973,-0.0247649,0.0670883,0,1,0,0,0,0.382683,0.92388
11,0.249974,-0.0247588,0.0720883,0,1,0,0,0,0.382683,0.92388
11,0.249975,-0.0247527,0.0770883,0,1,0,0,0,0.382683,0.92388
11,0.249976,-0.0247467,0.0820883,0,1,0,0,0,0.382683,0.92388
11,0.249978,-0.0247406,0.0870883,0,1,0,0,0,0.382683,0.92388
11,0.249979,-0.0247345,0.0920883,0,1,0,0,0,0.382683,0.92388
11,0.24998,-0.0247284,0.0970883,0,1,0,0,0,0.382683,0.92388
11,0.249981,-0.0247223,0.102088,0,1,0,0,0,0.382683,0.92388
11,0.249983,-0.0247162,0.107088,0,1,0,0,0,0.382683,0.92388
11,0.249984,-0.0247101,0.112088,0,1,0,0,0,0.382683,0.92388
11,0.249985,-0.024704,0.117088,0,1,0,0,0,0.382683,0.92388
11,0.249986,-0.0246979,0.122088,0,1,0,0,0,0.382683,0.92388
11,0.249988,-0.0246918,0.127088,0,1,0,0,0,0.382683,0.92388
11,0.249989,-0.0246857,0.132088,0,1,0,0,0,0.382683,0.92388
11,0.24999,-0.0246796,0.137088,0,1,0,0,0,0.382683,0.92388
11,0.249992,-0.0246735,0.142088,0,1,0,0,0,0.382683,0.92388
11,0.249993,-0.0246675,0.147088,0,1,0,0,0,0.382683,0.92388
11,0.249994,-0.0246614,0.152088,0,1,0,0,0,0.382683,0.92388
11,0.249995,-0.0246553,0.157088,0,1,0,0,0,0.382683,0.92388
11,0.249997,-0.0246492,0.162088,0,1,0,0,0,0.382683,0.92388
11,0.249998,-0.0246431,0.167088,0,1,0,0,0,0.382683,0.92388
11,0.249999,-0.024637,0.172088,0,1,0,0,0,0.382683,0.92388
11,0.25,-0.0246309,0.177088,0,1,0,0,0,0.382683,0.92388
11,0.250002,-0.0246248,0.182088,0,1,0,0,0,0.382683,0.92388
11,0.250003,-0.0246187,0.187088,0,1,0,0,0,0.382683,0.92388
11,0.250004,-0.0246126,0.192088,0,1,0,0,0,0.382683,0.92388
11,0.250005,-0.0246065,0.197088,0,1,0,0,0,0.382683,0.92388
11,0.250007,-0.0246004,0.202088,0,1,0,0,0,0.382683,0.92388
11,0.250008,-0.0245944,0.207088,0,1,0,0,0,0.382683,0.92388
11,0.250009,-0.0245883,0.212088,0,1,0,0,0,0.382683,0.92388
11,0.25001,-0.0245822,0.217088,0,1,0,0,0,0.382683,0.92388
11,0.250012,-0.0245761,0.222088,0,1,0,0,0,0.382683,0.92388
11,0.250013,-0.02457,0.227088,0,1,0,0,0,0.382683,0.92388
11,0.250014,-0.0245639,0.232088,0,1,0,0,0,0.382683,0.92388
11,0.250015,-0.0245578,0.237088,0,1,0,0,0,0.382683,0.92388
11,0.250017,-0.0245517,0.242088,0,1,0,0,0,0.382683,0.92388
11,0.250018,-0.0245456,0.247088,0,1,0,0,0,0.382683,0.92388
11,0.250019,-0.0245395,0.252088,0,1,0,0,0,0.382683,0.92388
11,0.250021,-0.0245334,0.257088,0,1,0,0,0,0.382683,0.92388
11,0.250022,-0.0245273,0.262088,0,1,0,0,0,0.382683,0.92388
11,0.250023,-0.0245212,0.267088,0,1,0,0,0,0.382683,0.92388
11,0.250024,-0.0245152,0.272088,0,1,0,0,0,0.382683,0.92388
11,0.250026,-0.0245091,0.277088,0,1,0,0,0,0.382683,0.92388
11,0.250027,-0.024503,0.282088,0,1,0,0,0,0.382683,0.92388
11,0.250028,-0.0244969,0.287088,0,1,0,0,0,0.382683,0.92388
11,0.250029,-0.0244908,0.292088,0,1,0,0,0,0.382683,0.92388
11,0.250031,-0.0244847,0.297088,0,1,0,0,0,0.382683,0.92388
11,0.250032,-0.0244786,0.302088,0,1,0,0,0,0.382683,0.92388
11,0.250033,-0.0244725,0.307088,0,1,0,0,0,0.382683,0.92388
11,0.250034,-0.0244664,0.312088,0,1,0,0,0,0.382683,0.92388
12,-0.249937,-0.0255195,-0.212911,0,1,0,0,0,0.382683,0.92388
12,-0.249937,-0.0255134,-0.207911,0,1,0,0,0,0.382683,0.92388
12,-0.249938,-0.0255073,-0.202911,0,1,0,0,0,0.382683,0.92388
12,-0.249939,-0.0255013,-0.197911,0,1,0,0,0,0.382683,0.92388
12,-0.24994,-0.0254952,-0.192911,0,1,0,0,0,0.382683,0.92388
12,-0.24994,-0.0254891,-0.187911,0,1,0,0,0,0.382683,0.92388
12,-0.249941,-0.025483,-0.182911,0,1,0,0,0,0.382683,0.92388
12,-0.249942,-0.0254769,-0.177911,0,1,0,0,0,0.382683,0.92388
12,-0.249943,-0.0254708,-0.172911,0,1,0,0,0,0.382683,0.92388
12,-0.249944,-0.0254647,-0.167911,0,1,0,0,0,0.382683,0.92388
12,-0.249944,-0.0254586,-0.162911,0,1,0,0,0,0.382683,0.92388
12,-0.249945,-0.0254525,-0.157911,0,1,0,0,0,0.382683,0.92388
12,-0.249946,-0.0254464,-0.152911,0,1,0,0,0,0.382683,0.92388
12,-0.249947,-0.0254404,-0.147912,0,1,0,0,0,0.382683,0.92388
12,-0.249947,-0.0254343,-0.142912,0,1,0,0,0,0.382683,0.92388
12,-0.249948,-0.0254282,-0.137912,0,1,0,0,0,0.382683,0.92388
12,-0.249949,-0.0254221,-0.132912,0,1,0,0,0,0.382683,0.92388
12,-0.24995,-0.025416,-0.127912,0,1,0,0,0,0.382683,0.92388
12,-0.24995,-0.0254099,-0.122912,0,1,0,0,0,0.382683,0.92388
12,-0.249951,-0.0254038,-0.117912,0,1,0,0,0,0.382683,0.92388
12,-0.249952,-0.0253977,-0.112912,0,1,0,0,0,0.382683,0.92388
12,-0.249953,-0.0253916,-0.107912,0,1,0,0,0,0.382683,0.92388
12,-0.249954,-0.0253855,-0.102912,0,1,0,0,0,0.382683,0.92388
12,-0.249954,-0.0253794,-0.0979115,0,1,0,0,0,0.382683,0.92388
12,-0.249955,-0.0253734,-0.0929115,0,1,0,0,0,0.382683,0.92388
12,-0.249956,-0.0253673,-0.0879115,0,1,0,0,0,0.382683,0.92388
12,-0.249957,-0.0253612,-0.0829115,0,1,0,0,0,0.382683,0.92388
12,-0.249957,-0.0253551,-0.0779115,0,1,0,0,0,0.382683,0.92388
12,-0.249958,-0.025349,-0.0729115,0,1,0,0,0,0.382683,0.92388
12,-0.249959,-0.0253429,-0.0679115,0,1,0,0,0,0.382683,0.92388
12,-0.24996,-0.0253368,-0.0629115,0,1,0,0,0,0.382683,0.92388
12,-0.249961,-0.0253307,-0.0579116,0,1,0,0,0,0.382683,0.92388
12,-0.249961,-0.0253246,-0.0529116,0,1,0,0,0,0.382683,0.92388
12,-0.249962,-0.0253185,-0.0479116,0,1,0,0,0,0.382683,0.92388
12,-0.249963,-0.0253125,-0.0429116,0,1,0,0,0,0.382683,0.92388
12,-0.249964,-0.0253064,-0.0379116,0,1,0,0,0,0.382683,0.92388
12,-0.249964,-0.0253003,-0.0329116,0,1,0,0,0,0.382683,0.92388
12,-0.249965,-0.0252942,-0.0279116,0,1,0,0,0,0.382683,0.92388
12,-0.249966,-0.0252881,-0.0229116,0,1,0,0,0,0.382683,0.92388
12,-0.249967,-0.025282,-0.0179116,0,1,0,0,0,0.382683,0.92388
12,-0.249968,-0.0252759,-0.0129116,0,1,0,0,0,0.382683,0.92388
12,-0.249968,-0.0252698,-0.0079116,0,1,0,0,0,0.382683,0.92388
12,-0.249969,-0.0252637,-0.0029116,0,1,0,0,0,0.382683,0.92388
12,-0.24997,-0.0252576,0.0020884,0,1,0,0,0,0.382683,0.92388
12,-0.249971,-0.0252516,0.00708839,0,1,0,0,0,0.382683,0.92388
12,-0.249971,-0.0252455,0.0120884,0,1,0,0,0,0.382683,0.92388
12,-0.249972,-0.0252394,0.0170884,0,1,0,0,0,0.382683,0.92388
12,-0.249973,-0.0252333,0.0220884,0,1,0,0,0,0.382683,0.92388
12,-0.249974,-0.0252272,0.0270884,0,1,0,0,0,0.382683,0.92388
12,-0.249974,-0.0252211,0.0320884,0,1,0,0,0,0.382683,0.92388
12,-0.249975,-0.025215,0.0370884,0,1,0,0,0,0.382683,0.92388
12,-0.249976,-0.0252089,0.0420884,0,1,0,0,0,0.382683,0.92388
12,-0.249977,-0.0252028,0.0470884,0,1,0,0,0,0.382683,0.92388
12,-0.249978,-0.0251967,0.0520884,0,1,0,0,0,0.382683,0.92388
12,-0.249978,-0.0251906,0.0570883,0,1,0,0,0,0.382683,0.92388
12,-0.249979,-0.0251846,0.0620883,0,1,0,0,0,0.382683,0.92388
12,-0.24998,-0.0251785,0.0670883,0,1,0,0,0,0.382683,0.92388
12,-0.249981,-0.0251724,0.0720883,0,1,0,0,0,0.382683,0.92388
12,-0.249981,-0.0251663,0.0770883,0,1,0,0,0,0.382683,0.92388
12,-0.249982,-0.0251602,0.0820883,0,1,0,0,0,0.382683,0.92388
12,-0.249983,-0.0251541,0.0870883,0,1,0,0,0,0.382683,0.92388
12,-0.249984,-0.025148,0.0920883,0,1,0,0,0,0.382683,0.92388
12,-0.249985,-0.0251419,0.0970883,0,1,0,0,0,0.382683,0.92388
12,-0.249985,-0.0251358,0.102088,0,1,0,0,0,0.382683,0.92388
12,-0.249986,-0.0251297,0.107088,0,1,0,0,0,0.382683,0.92388
12,-0.249987,-0.0251237,0.112088,0,1,0,0,0,0.382683,0.92388
12,-0.249988,-0.0251176,0.117088,0,1,0,0,0,0.382683,0.92388
12,-0.249988,-0.0251115,0.122088,0,1,0,0,0,0.382683,0.92388
12,-0.249989,-0.0251054,0.127088,0,1,0,0,0,0.382683,0.92388
12,-0.24999,-0.0250993,0.132088,0,1,0,0,0,0.382683,0.92388
12,-0.249991,-0.0250932,0.137088,0,1,0,0,0,0.382683,0.92388
12,-0.249991,-0.0250871,0.142088,0,1,0,0,0,0.382683,0.92388
12,-0.249992,-0.025081,0.147088,0,1,0,0,0,0.382683,0.92388
12,-0.249993,-0.0250749,0.152088,0,1,0,0,0,0.382683,0.92388
12,-0.249994,-0.0250688,0.157088,0,1,0,0,0,0.382683,0.92388
12,-0.249995,-0.0250627,0.162088,0,1,0,0,0,0.382683,0.92388
12,-0.249995,-0.0250567,0.167088,0,1,0,0,0,0.382683,0.92388
12,-0.249996,-0.0250506,0.172088,0,1,0,0,0,0.382683,0.92388
12,-0.249997,-0.0250445,0.177088,0,1,0,0,0,0.382683,0.92388
12,-0.249998,-0.0250384,0.182088,0,1,0,0,0,0.382683,0.92388
12,-0.249998,-0.0250323,0.187088,0,1,0,0,0,0.382683,0.92388
12,-0.249999,-0.0250262,0.192088,0,1,0,0,0,0.382683,0.92388
12,-0.25,-0.0250201,0.197088,0,1,0,0,0,0.382683,0.92388
12,-0.250001,-0.025014,0.202088,0,1,0,0,0,0.382683,0.92388
12,-0.250002,-0.0250079,0.207088,0,1,0,0,0,0.382683,0.92388
12,-0.250002,-0.0250018,0.212088,0,1,0,0,0,0.382683,0.92388
12,-0.250003,-0.0249958,0.217088,0,1,0,0,0,0.382683,0.92388
12,-0.250004,-0.0249897,0.222088,0,1,0,0,0,0.382683,0.92388
12,-0.250005,-0.0249836,0.227088,0,1,0,0,0,0.382683,0.92388
12,-0.250005,-0.0249775,0.232088,0,1,0,0,0,0.382683,0.92388
12,-0.250006,-0.0249714,0.237088,0,1,0,0,0,0.382683,0.92388
12,-0.250007,-0.0249653,0.242088,0,1,0,0,0,0.382683,0.92388
12,-0.250008,-0.0249592,0.247088,0,1,0,0,0,0.382683,0.92388
12,-0.250008,-0.0249531,0.252088,0,1,0,0,0,0.382683,0.92388
12,-0.250009,-0.024947,0.257088,0,1,0,0,0,0.382683,0.92388
12,-0.25001,-0.0249409,0.262088,0,1,0,0,0,0.382683,0.92388
12,-0.250011,-0.0249349,0.267088,0,1,0,0,0,0.382683,0.92388
12,-0.250012,-0.0249288,0.272088,0,1,0,0,0,0.382683,0.92388
12,-0.250012,-0.0249227,0.277088,0,1,0,0,0,0.382683,0.92388
12,-0.250013,-0.0249166,0.282088,0,1,0,0,0,0.382683,0.92388
12,-0.250014,-0.0249105,0.287088,0,1,0,0,0,0.382683,0.92388
12,-0.250015,-0.0249044,0.292088,0,1,0,0,0,0.382683,0.92388
12,-0.250015,-0.0248983,0.297088,0,1,0,0,0,0.382683,0.92388
12,-0.250016,-0.0248922,0.302088,0,1,0,0,0,0.382683,0.92388
12,-0.250017,-0.0248861,0.307088,0,1,0,0,0,0.382683,0.92388
12,-0.250018,-0.02488,0.312088,0,1,0,0,0,0.382683,0.92388
13,0.249899,-0.250031,-0.213218,0,1,0,0,0,0.382683,0.92388
13,0.2499,-0.250031,-0.208218,0,1,0,0,0,0.382683,0.92388
13,0.249901,-0.250031,-0.203218,0,1,0,0,0,0.382683,0.92388
13,0.249903,-0.250031,-0.198218,0,1,0,0,0,0.382683,0.92388
13,0.249904,-0.250031,-0.193218,0,1,0,0,0,0.382683,0.92388
13,0.249905,-0.250031,-0.188218,0,1,0,0,0,0.382683,0.92388
13,0.249906,-0.250031,-0.183218,0,1,0,0,0,0.382683,0.92388
13,0.249908,-0.250031,-0.178218,0,1,0,0,0,0.382683,0.92388
13,0.249909,-0.250031,-0.173218,0,1,0,0,0,0.382683,0.92388
13,0.24991,-0.250031,-0.168218,0,1,0,0,0,0.382683,0.92388
13,0.249911,-0.250031,-0.163218,0,1,0,0,0,0.382683,0.92388
13,0.249913,-0.250031,-0.158218,0,1,0,0,0,0.382683,0.92388
13,0.249914,-0.250031,-0.153218,0,1,0,0,0,0.382683,0.92388
13,0.249915,-0.250031,-0.148218,0,1,0,0,0,0.382683,0.92388
13,0.249916,-0.250031,-0.143218,0,1,0,0,0,0.382683,0.92388
13,0.249918,-0.250031,-0.138218,0,1,0,0,0,0.382683,0.92388
13,0.249919,-0.250031,-0.133218,0,1,0,0,0,0.382683,0.92388
13,0.24992,-0.250031,-0.128218,0,1,0,0,0,0.382683,0.92388
13,0.249921,-0.250031,-0.123218,0,1,0,0,0,0.382683,0.92388
13,0.249923,-0.250031,-0.118218,0,1,0,0,0,0.382683,0.92388
13,0.249924,-0.250031,-0.113218,0,1,0,0,0,0.382683,0.92388
13,0.249925,-0.250031,-0.108218,0,1,0,0,0,0.382683,0.92388
13,0.249927,-0.250031,-0.103218,0,1,0,0,0,0.382683,0.92388
13,0.249928,-0.250031,-0.0982184,0,1,0,0,0,0.382683,0.92388
13,0.249929,-0.250031,-0.0932184,0,1,0,0,0,0.382683,0.92388
13,0.24993,-0.250031,-0.0882184,0,1,0,0,0,0.382683,0.92388
13,0.249932,-0.250031,-0.0832184,0,1,0,0,0,0.382683,0.92388
13,0.249933,-0.250031,-0.0782184,0,1,0,0,0,0.382683,0.92388
13,0.249934,-0.250031,-0.0732184,0,1,0,0,0,0.382683,0.92388
13,0.249935,-0.250031,-0.0682184,0,1,0,0,0,0.382683,0.92388
13,0.249937,-0.250031,-0.0632184,0,1,0,0,0,0.382683,0.92388
13,0.249938,-0.250031,-0.0582184,0,1,0,0,0,0.382683,0.92388
13,0.249939,-0.250031,-0.0532184,0,1,0,0,0,0.382683,0.92388
13,0.24994,-0.250031,-0.0482184,0,1,0,0,0,0.382683,0.92388
13,0.249942,-0.250031,-0.0432184,0,1,0,0,0,0.382683,0.92388
13,0.249943,-0.250031,-0.0382184,0,1,0,0,0,0.382683,0.92388
13,0.249944,-0.250031,-0.0332184,0,1,0,0,0,0.382683,0.92388
13,0.249945,-0.250031,-0.0282184,0,1,0,0,0,0.382683,0.92388
13,0.249947,-0.25003,-0.0232184,0,1,0,0,0,0.382683,0.92388
13,0.249948,-0.25003,-0.0182184,0,1,0,0,0,0.382683,0.92388
13,0.249949,-0.25003,-0.0132184,0,1,0,0,0,0.382683,0.92388
13,0.24995,-0.25003,-0.00821844,0,1,0,0,0,0.382683,0.92388
13,0.249952,-0.25003,-0.00321844,0,1,0,0,0,0.382683,0.92388
13,0.249953,-0.25003,0.00178156,0,1,0,0,0,0.382683,0.92388
13,0.249954,-0.25003,0.00678156,0,1,0,0,0,0.382683,0.92388
13,0.249956,-0.25003,0.0117816,0,1,0,0,0,0.382683,0.92388
13,0.249957,-0.25003,0.0167816,0,1,0,0,0,0.382683,0.92388
13,0.249958,-0.25003,0.0217816,0,1,0,0,0,0.382683,0.92388
13,0.249959,-0.25003,0.0267816,0,1,0,0,0,0.382683,0.92388
13,0.249961,-0.25003,0.0317816,0,1,0,0,0,0.382683,0.92388
13,0.249962,-0.25003,0.0367816,0,1,0,0,0,0.382683,0.92388
13,0.249963,-0.25003,0.0417816,0,1,0,0,0,0.382683,0.92388
13,0.249964,-0.25003,0.0467816,0,1,0,0,0,0.382683,0.92388
13,0.249966,-0.25003,0.0517816,0,1,0,0,0,0.382683,0.92388
13,0.249967,-0.25003,0.0567816,0,1,0,0,0,0.382683,0.92388
13,0.249968,-0.25003,0.0617816,0,1,0,0,0,0.382683,0.92388
13,0.249969,-0.25003,0.0667816,0,1,0,0,0,0.382683,0.92388
13,0.249971,-0.25003,0.0717816,0,1,0,0,0,0.382683,0.92388
13,0.249972,-0.25003,0.0767816,0,1,0,0,0,0.382683,0.92388
13,0.249973,-0.25003,0.0817816,0,1,0,0,0,0.382683,0.92388
13,0.249974,-0.25003,0.0867816,0,1,0,0,0,0.382683,0.92388
13,0.249976,-0.25003,0.0917816,0,1,0,0,0,0.382683,0.92388
13,0.249977,-0.25003,0.0967816,0,1,0,0,0,0.382683,0.92388
13,0.249978,-0.25003,0.101782,0,1,0,0,0,0.382683,0.92388
13,0.24998,-0.25003,0.106782,0,1,0,0,0,0.382683,0.92388
13,0.249981,-0.25003,0.111782,0,1,0,0,0,0.382683,0.92388
13,0.249982,-0.25003,0.116782,0,1,0,0,0,0.382683,0.92388
13,0.249983,-0.25003,0.121782,0,1,0,0,0,0.382683,0.92388
13,0.249985,-0.25003,0.126782,0,1,0,0,0,0.382683,0.92388
13,0.249986,-0.25003,0.131782,0,1,0,0,0,0.382683,0.92388
13,0.249987,-0.25003,0.136782,0,1,0,0,0,0.382683,0.92388
13,0.249988,-0.25003,0.141782,0,1,0,0,0,0.382683,0.92388
13,0.24999,-0.25003,0.146782,0,1,0,0,0,0.382683,0.92388
13,0.249991,-0.25003,0.151782,0,1,0,0,0,0.382683,0.92388
13,0.249992,-0.25003,0.156782,0,1,0,0,0,0.382683,0.92388
13,0.249993,-0.25003,0.161782,0,1,0,0,0,0.382683,0.92388
13,0.249995,-0.25003,0.166782,0,1,0,0,0,0.382683,0.92388
13,0.249996,-0.25003,0.171782,0,1,0,0,0,0.382683,0.92388
13,0.249997,-0.25003,0.176782,0,1,0,0,0,0.382683,0.92388
13,0.249998,-0.25003,0.181782,0,1,0,0,0,0.382683,0.92388
13,0.25,-0.25003,0.186782,0,1,0,0,0,0.382683,0.92388
13,0.250001,-0.25003,0.191782,0,1,0,0,0,0.382683,0.92388
13,0.250002,-0.25003,0.196782,0,1,0,0,0,0.382683,0.92388
13,0.250003,-0.25003,0.201782,0,1,0,0,0,0.382683,0.92388
13,0.250005,-0.25003,0.206782,0,1,0,0,0,0.382683,0.92388
13,0.250006,-0.25003,0.211782,0,1,0,0,0,0.382683,0.92388
13,0.250007,-0.25003,0.216781,0,1,0,0,0,0.382683,0.92388
13,0.250009,-0.25003,0.221781,0,1,0,0,0,0.382683,0.92388
13,0.25001,-0.250029,0.226781,0,1,0,0,0,0.382683,0.92388
13,0.250011,-0.250029,0.231781,0,1,0,0,0,0.382683,0.92388
13,0.250012,-0.250029,0.236781,0,1,0,0,0,0.382683,0.92388
13,0.250014,-0.250029,0.241781,0,1,0,0,0,0.382683,0.92388
13,0.250015,-0.250029,0.246781,0,1,0,0,0,0.382683,0.92388
13,0.250016,-0.250029,0.251781,0,1,0,0,0,0.382683,0.92388
13,0.250017,-0.250029,0.256781,0,1,0,0,0,0.382683,0.92388
13,0.250019,-0.250029,0.261781,0,1,0,0,0,0.382683,0.92388
13,0.25002,-0.250029,0.266781,0,1,0,0,0,0.382683,0.92388
13,0.250021,-0.250029,0.271781,0,1,0,0,0,0.382683,0.92388
13,0.250022,-0.250029,0.276781,0,1,0,0,0,0.382683,0.92388
13,0.250024,-0.250029,0.281781,0,1,0,0,0,0.382683,0.92388
13,0.250025,-0.250029,0.286781,0,1,0,0,0,0.382683,0.92388
13,0.250026,-0.250029,0.291781,0,1,0,0,0,0.382683,0.92388
13,0.250027,-0.250029,0.296781,0,1,0,0,0,0.382683,0.92388
13,0.250029,-0.250029,0.301781,0,1,0,0,0,0.382683,0.92388
13,0.25003,-0.250029,0.306781,0,1,0,0,0,0.382683,0.92388
13,0.250031,-0.250029,0.311781,0,1,0,0,0,0.382683,0.92388
14,0.249906,0.250015,-0.213218,0,1,0,0,0,0.382683,0.92388
14,0.249907,0.250016,-0.208218,0,1,0,0,0,0.382683,0.92388
14,0.249908,0.250016,-0.203218,0,1,0,0,0,0.382683,0.92388
14,0.249909,0.250017,-0.198218,0,1,0,0,0,0.382683,0.92388
14,0.249911,0.250017,-0.193218,0,1,0,0,0,0.382683,0.92388
14,0.249912,0.250018,-0.188218,0,1,0,0,0,0.382683,0.92388
14,0.249913,0.250019,-0.183218,0,1,0,0,0,0.382683,0.92388
14,0.249914,0.250019,-0.178218,0,1,0,0,0,0.382683,0.92388
14,0.249916,0.25002,-0.173218,0,1,0,0,0,0.382683,0.92388
14,0.249917,0.25002,-0.168218,0,1,0,0,0,0.382683,0.92388
14,0.249918,0.250021,-0.163218,0,1,0,0,0,0.382683,0.92388
14,0.24992,0.250021,-0.158218,0,1,0,0,0,0.382683,0.92388
14,0.249921,0.250022,-0.153218,0,1,0,0,0,0.382683,0.92388
14,0.249922,0.250022,-0.148218,0,1,0,0,0,0.382683,0.92388
14,0.249923,0.250023,-0.143218,0,1,0,0,0,0.382683,0.92388
14,0.249925,0.250023,-0.138218,0,1,0,0,0,0.382683,0.92388
14,0.249926,0.250024,-0.133218,0,1,0,0,0,0.382683,0.92388
14,0.249927,0.250024,-0.128218,0,1,0,0,0,0.382683,0.92388
14,0.249928,0.250025,-0.123218,0,1,0,0,0,0.382683,0.92388
14,0.24993,0.250025,-0.118218,0,1,0,0,0,0.382683,0.92388
14,0.249931,0.250026,-0.113218,0,1,0,0,0,0.382683,0.92388
14,0.249932,0.250026,-0.108218,0,1,0,0,0,0.382683,0.92388
14,0.249933,0.250027,-0.103218,0,1,0,0,0,0.382683,0.92388
14,0.249935,0.250027,-0.0982184,0,1,0,0,0,0.382683,0.92388
14,0.249936,0.250028,-0.0932184,0,1,0,0,0,0.382683,0.92388
14,0.249937,0.250028,-0.0882184,0,1,0,0,0,0.382683,0.92388
14,0.249938,0.250029,-0.0832184,0,1,0,0,0,0.382683,0.92388
14,0.24994,0.250029,-0.0782184,0,1,0,0,0,0.382683,0.92388
14,0.249941,0.25003,-0.0732184,0,1,0,0,0,0.382683,0.92388
14,0.249942,0.25003,-0.0682184,0,1,0,0,0,0.382683,0.92388
14,0.249943,0.250031,-0.0632184,0,1,0,0,0,0.382683,0.92388
14,0.249945,0.250031,-0.0582184,0,1,0,0,0,0.382683,0.92388
14,0.249946,0.250032,-0.0532184,0,1,0,0,0,0.382683,0.92388
14,0.249947,0.250032,-0.0482184,0,1,0,0,0,0.382683,0.92388
14,0.249949,0.250033,-0.0432184,0,1,0,0,0,0.382683,0.92388
14,0.24995,0.250033,-0.0382184,0,1,0,0,0,0.382683,0.92388
14,0.249951,0.250034,-0.0332184,0,1,0,0,0,0.382683,0.92388
14,0.249952,0.250034,-0.0282184,0,1,0,0,0,0.382683,0.92388
14,0.249954,0.250035,-0.0232184,0,1,0,0,0,0.382683,0.92388
14,0.249955,0.250035,-0.0182184,0,1,0,0,0,0.382683,0.92388
14,0.249956,0.250036,-0.0132184,0,1,0,0,0,0.382683,0.92388
14,0.249957,0.250036,-0.00821844,0,1,0,0,0,0.382683,0.92388
14,0.249959,0.250037,-0.00321844,0,1,0,0,0,0.382683,0.92388
14,0.24996,0.250037,0.00178156,0,1,0,0,0,0.382683,0.92388
14,0.249961,0.250038,0.00678156,0,1,0,0,0,0.382683,0.92388
14,0.249962,0.250039,0.0117816,0,1,0,0,0,0.382683,0.92388
14,0.249964,0.250039,0.0167816,0,1,0,0,0,0.382683,0.92388
14,0.249965,0.25004,0.0217816,0,1,0,0,0,0.382683,0.92388
14,0.249966,0.25004,0.0267816,0,1,0,0,0,0.382683,0.92388
14,0.249967,0.250041,0.0317816,0,1,0,0,0,0.382683,0.92388
14,0.249969,0.250041,0.0367816,0,1,0,0,0,0.382683,0.92388
14,0.24997,0.250042,0.0417816,0,1,0,0,0,0.382683,0.92388
14,0.249971,0.250042,0.0467816,0,1,0,0,0,0.382683,0.92388
14,0.249973,0.250043,0.0517816,0,1,0,0,0,0.382683,0.92388
14,0.249974,0.250043,0.0567816,0,1,0,0,0,0.382683,0.92388
14,0.249975,0.250044,0.0617816,0,1,0,0,0,0.382683,0.92388
14,0.249976,0.250044,0.0667816,0,1,0,0,0,0.382683,0.92388
14,0.249978,0.250045,0.0717816,0,1,0,0,0,0.382683,0.92388
14,0.249979,0.250045,0.0767816,0,1,0,0,0,0.382683,0.92388
14,0.24998,0.250046,0.0817816,0,1,0,0,0,0.382683,0.92388
14,0.249981,0.250046,0.0867816,0,1,0,0,0,0.382683,0.92388
14,0.249983,0.250047,0.0917816,0,1,0,0,0,0.382683,0.92388
14,0.249984,0.250047,0.0967816,0,1,0,0,0,0.382683,0.92388
14,0.249985,0.250048,0.101782,0,1,0,0,0,0.382683,0.92388
14,0.249986,0.250048,0.106782,0,1,0,0,0,0.382683,0.92388
14,0.249988,0.250049,0.111782,0,1,0,0,0,0.382683,0.92388
14,0.249989,0.250049,0.116782,0,1,0,0,0,0.382683,0.92388
14,0.24999,0.25005,0.121782,0,1,0,0,0,0.382683,0.92388
14,0.249991,0.25005,0.126782,0,1,0,0,0,0.382683,0.92388
14,0.249993,0.250051,0.131782,0,1,0,0,0,0.382683,0.92388
14,0.249994,0.250051,0.136782,0,1,0,0,0,0.382683,0.92388
14,0.249995,0.250052,0.141782,0,1,0,0,0,0.382683,0.92388
14,0.249996,0.250052,0.146782,0,1,0,0,0,0.382683,0.92388
14,0.249998,0.250053,0.151782,0,1,0,0,0,0.382683,0.92388
14,0.249999,0.250053,0.156782,0,1,0,0,0,0.382683,0.92388
14,0.25,0.250054,0.161782,0,1,0,0,0,0.382683,0.92388
14,0.250002,0.250054,0.166782,0,1,0,0,0,0.382683,0.92388
14,0.250003,0.250055,0.171782,0,1,0,0,0,0.382683,0.92388
14,0.250004,0.250055,0.176782,0,1,0,0,0,0.382683,0.92388
14,0.250005,0.250056,0.181782,0,1,0,0,0,0.382683,0.92388
14,0.250007,0.250056,0.186782,0,1,0,0,0,0.382683,0.92388
14,0.250008,0.250057,0.191782,0,1,0,0,0,0.382683,0.92388
14,0.250009,0.250057,0.196782,0,1,0,0,0,0.382683,0.92388
14,0.25001,0.250058,0.201782,0,1,0,0,0,0.382683,0.92388
14,0.250012,0.250059,0.206782,0,1,0,0,0,0.382683,0.92388
14,0.250013,0.250059,0.211782,0,1,0,0,0,0.382683,0.92388
14,0.250014,0.25006,0.216781,0,1,0,0,0,0.382683,0.92388
14,0.250015,0.25006,0.221781,0,1,0,0,0,0.382683,0.92388
14,0.250017,0.250061,0.226781,0,1,0,0,0,0.382683,0.92388
14,0.250018,0.250061,0.231781,0,1,0,0,0,0.382683,0.92388
14,0.250019,0.250062,0.236781,0,1,0,0,0,0.382683,0.92388
14,0.25002,0.250062,0.241781,0,1,0,0,0,0.382683,0.92388
14,0.250022,0.250063,0.246781,0,1,0,0,0,0.382683,0.92388
14,0.250023,0.250063,0.251781,0,1,0,0,0,0.382683,0.92388
14,0.250024,0.250064,0.256781,0,1,0,0,0,0.382683,0.92388
14,0.250026,0.250064,0.261781,0,1,0,0,0,0.382683,0.92388
14,0.250027,0.250065,0.266781,0,1,0,0,0,0.382683,0.92388
14,0.250028,0.250065,0.271781,0,1,0,0,0,0.382683,0.92388
14,0.250029,0.250066,0.276781,0,1,0,0,0,0.382683,0.92388
14,0.250031,0.250066,0.281781,0,1,0,0,0,0.382683,0.92388
14,0.250032,0.250067,0.286781,0,1,0,0,0,0.382683,0.92388
14,0.250033,0.250067,0.291781,0,1,0,0,0,0.382683,0.92388
14,0.250034,0.250068,0.296781,0,1,0,0,0,0.382683,0.92388
14,0.250036,0.250068,0.301781,0,1,0,0,0,0.382683,0.92388
14,0.250037,0.250069,0.306781,0,1,0,0,0,0.382683,0.92388
14,0.250038,0.250069,0.311781,0,1,0,0,0,0.382683,0.92388
